[{"model": "auth.permission", "pk": 1, "fields": {"name": "Can add log entry", "content_type": 1, "codename": "add_logentry"}}, {"model": "auth.permission", "pk": 2, "fields": {"name": "Can change log entry", "content_type": 1, "codename": "change_logentry"}}, {"model": "auth.permission", "pk": 3, "fields": {"name": "Can delete log entry", "content_type": 1, "codename": "delete_logentry"}}, {"model": "auth.permission", "pk": 4, "fields": {"name": "Can view log entry", "content_type": 1, "codename": "view_logentry"}}, {"model": "auth.permission", "pk": 5, "fields": {"name": "Can add permission", "content_type": 2, "codename": "add_permission"}}, {"model": "auth.permission", "pk": 6, "fields": {"name": "Can change permission", "content_type": 2, "codename": "change_permission"}}, {"model": "auth.permission", "pk": 7, "fields": {"name": "Can delete permission", "content_type": 2, "codename": "delete_permission"}}, {"model": "auth.permission", "pk": 8, "fields": {"name": "Can view permission", "content_type": 2, "codename": "view_permission"}}, {"model": "auth.permission", "pk": 9, "fields": {"name": "Can add group", "content_type": 3, "codename": "add_group"}}, {"model": "auth.permission", "pk": 10, "fields": {"name": "Can change group", "content_type": 3, "codename": "change_group"}}, {"model": "auth.permission", "pk": 11, "fields": {"name": "Can delete group", "content_type": 3, "codename": "delete_group"}}, {"model": "auth.permission", "pk": 12, "fields": {"name": "Can view group", "content_type": 3, "codename": "view_group"}}, {"model": "auth.permission", "pk": 13, "fields": {"name": "Can add user", "content_type": 4, "codename": "add_user"}}, {"model": "auth.permission", "pk": 14, "fields": {"name": "Can change user", "content_type": 4, "codename": "change_user"}}, {"model": "auth.permission", "pk": 15, "fields": {"name": "Can delete user", "content_type": 4, "codename": "delete_user"}}, {"model": "auth.permission", "pk": 16, "fields": {"name": "Can view user", "content_type": 4, "codename": "view_user"}}, {"model": "auth.permission", "pk": 17, "fields": {"name": "Can add content type", "content_type": 5, "codename": "add_contenttype"}}, {"model": "auth.permission", "pk": 18, "fields": {"name": "Can change content type", "content_type": 5, "codename": "change_contenttype"}}, {"model": "auth.permission", "pk": 19, "fields": {"name": "Can delete content type", "content_type": 5, "codename": "delete_contenttype"}}, {"model": "auth.permission", "pk": 20, "fields": {"name": "Can view content type", "content_type": 5, "codename": "view_contenttype"}}, {"model": "auth.permission", "pk": 21, "fields": {"name": "Can add session", "content_type": 6, "codename": "add_session"}}, {"model": "auth.permission", "pk": 22, "fields": {"name": "Can change session", "content_type": 6, "codename": "change_session"}}, {"model": "auth.permission", "pk": 23, "fields": {"name": "Can delete session", "content_type": 6, "codename": "delete_session"}}, {"model": "auth.permission", "pk": 24, "fields": {"name": "Can view session", "content_type": 6, "codename": "view_session"}}, {"model": "auth.permission", "pk": 25, "fields": {"name": "Can add profile manager", "content_type": 7, "codename": "add_profilemanager"}}, {"model": "auth.permission", "pk": 26, "fields": {"name": "Can change profile manager", "content_type": 7, "codename": "change_profilemanager"}}, {"model": "auth.permission", "pk": 27, "fields": {"name": "Can delete profile manager", "content_type": 7, "codename": "delete_profilemanager"}}, {"model": "auth.permission", "pk": 28, "fields": {"name": "Can view profile manager", "content_type": 7, "codename": "view_profilemanager"}}, {"model": "auth.permission", "pk": 29, "fields": {"name": "Can add profile referee", "content_type": 8, "codename": "add_profilereferee"}}, {"model": "auth.permission", "pk": 30, "fields": {"name": "Can change profile referee", "content_type": 8, "codename": "change_profilereferee"}}, {"model": "auth.permission", "pk": 31, "fields": {"name": "Can delete profile referee", "content_type": 8, "codename": "delete_profilereferee"}}, {"model": "auth.permission", "pk": 32, "fields": {"name": "Can view profile referee", "content_type": 8, "codename": "view_profilereferee"}}, {"model": "auth.permission", "pk": 33, "fields": {"name": "Can add referee", "content_type": 9, "codename": "add_referee"}}, {"model": "auth.permission", "pk": 34, "fields": {"name": "Can change referee", "content_type": 9, "codename": "change_referee"}}, {"model": "auth.permission", "pk": 35, "fields": {"name": "Can delete referee", "content_type": 9, "codename": "delete_referee"}}, {"model": "auth.permission", "pk": 36, "fields": {"name": "Can view referee", "content_type": 9, "codename": "view_referee"}}, {"model": "auth.permission", "pk": 37, "fields": {"name": "Can add unavailability", "content_type": 10, "codename": "add_unavailability"}}, {"model": "auth.permission", "pk": 38, "fields": {"name": "Can change unavailability", "content_type": 10, "codename": "change_unavailability"}}, {"model": "auth.permission", "pk": 39, "fields": {"name": "Can delete unavailability", "content_type": 10, "codename": "delete_unavailability"}}, {"model": "auth.permission", "pk": 40, "fields": {"name": "Can view unavailability", "content_type": 10, "codename": "view_unavailability"}}, {"model": "auth.permission", "pk": 41, "fields": {"name": "Can add referee licence type", "content_type": 11, "codename": "add_refereelicencetype"}}, {"model": "auth.permission", "pk": 42, "fields": {"name": "Can change referee licence type", "content_type": 11, "codename": "change_refereelicencetype"}}, {"model": "auth.permission", "pk": 43, "fields": {"name": "Can delete referee licence type", "content_type": 11, "codename": "delete_refereelicencetype"}}, {"model": "auth.permission", "pk": 44, "fields": {"name": "Can view referee licence type", "content_type": 11, "codename": "view_refereelicencetype"}}, {"model": "auth.permission", "pk": 45, "fields": {"name": "Can add city", "content_type": 12, "codename": "add_city"}}, {"model": "auth.permission", "pk": 46, "fields": {"name": "Can change city", "content_type": 12, "codename": "change_city"}}, {"model": "auth.permission", "pk": 47, "fields": {"name": "Can delete city", "content_type": 12, "codename": "delete_city"}}, {"model": "auth.permission", "pk": 48, "fields": {"name": "Can view city", "content_type": 12, "codename": "view_city"}}, {"model": "auth.permission", "pk": 49, "fields": {"name": "Can add competition", "content_type": 13, "codename": "add_competition"}}, {"model": "auth.permission", "pk": 50, "fields": {"name": "Can change competition", "content_type": 13, "codename": "change_competition"}}, {"model": "auth.permission", "pk": 51, "fields": {"name": "Can delete competition", "content_type": 13, "codename": "delete_competition"}}, {"model": "auth.permission", "pk": 52, "fields": {"name": "Can view competition", "content_type": 13, "codename": "view_competition"}}, {"model": "auth.permission", "pk": 53, "fields": {"name": "Can add competition level", "content_type": 14, "codename": "add_competitionlevel"}}, {"model": "auth.permission", "pk": 54, "fields": {"name": "Can change competition level", "content_type": 14, "codename": "change_competitionlevel"}}, {"model": "auth.permission", "pk": 55, "fields": {"name": "Can delete competition level", "content_type": 14, "codename": "delete_competitionlevel"}}, {"model": "auth.permission", "pk": 56, "fields": {"name": "Can view competition level", "content_type": 14, "codename": "view_competitionlevel"}}, {"model": "auth.permission", "pk": 57, "fields": {"name": "Can add season", "content_type": 15, "codename": "add_season"}}, {"model": "auth.permission", "pk": 58, "fields": {"name": "Can change season", "content_type": 15, "codename": "change_season"}}, {"model": "auth.permission", "pk": 59, "fields": {"name": "Can delete season", "content_type": 15, "codename": "delete_season"}}, {"model": "auth.permission", "pk": 60, "fields": {"name": "Can view season", "content_type": 15, "codename": "view_season"}}, {"model": "auth.permission", "pk": 61, "fields": {"name": "Can add competition in season", "content_type": 16, "codename": "add_competitioninseason"}}, {"model": "auth.permission", "pk": 62, "fields": {"name": "Can change competition in season", "content_type": 16, "codename": "change_competitioninseason"}}, {"model": "auth.permission", "pk": 63, "fields": {"name": "Can delete competition in season", "content_type": 16, "codename": "delete_competitioninseason"}}, {"model": "auth.permission", "pk": 64, "fields": {"name": "Can view competition in season", "content_type": 16, "codename": "view_competitioninseason"}}, {"model": "auth.permission", "pk": 65, "fields": {"name": "Can add team", "content_type": 17, "codename": "add_team"}}, {"model": "auth.permission", "pk": 66, "fields": {"name": "Can change team", "content_type": 17, "codename": "change_team"}}, {"model": "auth.permission", "pk": 67, "fields": {"name": "Can delete team", "content_type": 17, "codename": "delete_team"}}, {"model": "auth.permission", "pk": 68, "fields": {"name": "Can view team", "content_type": 17, "codename": "view_team"}}, {"model": "auth.permission", "pk": 69, "fields": {"name": "Can add match", "content_type": 18, "codename": "add_match"}}, {"model": "auth.permission", "pk": 70, "fields": {"name": "Can change match", "content_type": 18, "codename": "change_match"}}, {"model": "auth.permission", "pk": 71, "fields": {"name": "Can delete match", "content_type": 18, "codename": "delete_match"}}, {"model": "auth.permission", "pk": 72, "fields": {"name": "Can view match", "content_type": 18, "codename": "view_match"}}, {"model": "auth.permission", "pk": 73, "fields": {"name": "Can add delegation", "content_type": 19, "codename": "add_delegation"}}, {"model": "auth.permission", "pk": 74, "fields": {"name": "Can change delegation", "content_type": 19, "codename": "change_delegation"}}, {"model": "auth.permission", "pk": 75, "fields": {"name": "Can delete delegation", "content_type": 19, "codename": "delete_delegation"}}, {"model": "auth.permission", "pk": 76, "fields": {"name": "Can view delegation", "content_type": 19, "codename": "view_delegation"}}, {"model": "auth.user", "pk": 1, "fields": {"password": "pbkdf2_sha256$870000$nCTojE3pnmEKIzdGyiK81U$2ZtK7hvXB6cMs4JsyKT3y3ruCx3kqKAe1UfbBdPr90g=", "last_login": null, "is_superuser": true, "username": "admin", "first_name": "Ľuboš ", "last_name": "Kohút", "email": "luboskohut.shop@gmail.com", "is_staff": true, "is_active": true, "date_joined": "2024-09-23T20:17:00.296", "groups": [], "user_permissions": []}}, {"model": "auth.user", "pk": 2, "fields": {"password": "pbkdf2_sha256$870000$ljvCe1uE2hjsYr75Hw8SlC$KtUbw1SBWNZk+llbqYZ8tFHU2mgwFoeBotqbsbqN3d4=", "last_login": null, "is_superuser": false, "username": "robert.rozhodny", "first_name": "Robert", "last_name": "Rozhodný", "email": "luboskohut.shop@gmail.com", "is_staff": false, "is_active": true, "date_joined": "2024-09-23T20:17:00.296", "groups": [], "user_permissions": []}}, {"model": "auth.user", "pk": 3, "fields": {"password": "pbkdf2_sha256$870000$DYpzJcsuXV7ezl0nk5MBTg$i7thj1LC123wIv0SzR0Ls99C7gw4m9GuopBXnAORoUA=", "last_login": null, "is_superuser": false, "username": "samuel.soutezivy", "first_name": "Samuel", "last_name": "Soutěživý", "email": "luboskohut.shop@gmail.com", "is_staff": false, "is_active": true, "date_joined": "2024-09-23T20:17:00.296", "groups": [], "user_permissions": []}}, {"model": "auth.user", "pk": 4, "fields": {"password": "pbkdf2_sha256$870000$LCXmaCqc6bGcwkqwYLh8tS$iSG8nh53qahVjhkKbVD64WpZDATHqzIyuNkeIk5isx0=", "last_login": null, "is_superuser": false, "username": "daniel.delegator", "first_name": "Daniel", "last_name": "Delegátor", "email": "luboskohut.shop@gmail.com", "is_staff": false, "is_active": true, "date_joined": "2024-09-23T20:17:00.296", "groups": [], "user_permissions": []}}, {"model": "auth.user", "pk": 5, "fields": {"password": "pbkdf2_sha256$870000$BpRZzLRjwGYfwi5wdaNSbY$5ygIkC6RkOvXwDPsDVglRvZ2tlFoTJNst+4djbZaAUA=", "last_login": null, "is_superuser": false, "username": "ondrej.hanus", "first_name": "Ondřej", "last_name": "Hanuš", "email": "luboskohut.shop@gmail.com", "is_staff": false, "is_active": true, "date_joined": "2024-09-23T20:17:00.296", "groups": [], "user_permissions": []}}, {"model": "auth.user", "pk": 6, "fields": {"password": "pbkdf2_sha256$870000$ZBiCoRmbNPkh7LbeEkvG46$Tn7CacpUMsuzBCNk2+NIEZwh+DiI+gA0rMhmWKQmQUY=", "last_login": null, "is_superuser": false, "username": "marian.kovacik", "first_name": "Marián", "last_name": "Kováčik", "email": "luboskohut.shop@gmail.com", "is_staff": false, "is_active": true, "date_joined": "2024-09-23T20:17:00.296", "groups": [], "user_permissions": []}}, {"model": "auth.user", "pk": 7, "fields": {"password": "pbkdf2_sha256$870000$sLT1ye8SEZUUv99PcETdG9$nxfCSX0fNCGZXq2GhV5jA9j11UqCa3nmQNuEWf5glSk=", "last_login": null, "is_superuser": false, "username": "jan.folvarsky", "first_name": "Ján", "last_name": "Folvarský", "email": "luboskohut.shop@gmail.com", "is_staff": false, "is_active": true, "date_joined": "2024-09-23T20:17:00.296", "groups": [], "user_permissions": []}}, {"model": "auth.user", "pk": 8, "fields": {"password": "pbkdf2_sha256$870000$pm1fDgyWmsjRF6gri01cEW$YI3E+x5ZfW4jJaCfv7sjAtlbZmSZOHkO/oniW+9V+tM=", "last_login": null, "is_superuser": false, "username": "igor.porvaznik", "first_name": "Igor", "last_name": "Porvazník", "email": "luboskohut.shop@gmail.com", "is_staff": false, "is_active": true, "date_joined": "2024-09-23T20:17:00.296", "groups": [], "user_permissions": []}}, {"model": "auth.user", "pk": 9, "fields": {"password": "pbkdf2_sha256$870000$r0UaC3ZMvZBFdnVDroAoVk$EMVN60R5vlNWMgdE7judyh4zAdMRmf5lusMZ6ZObhzA=", "last_login": null, "is_superuser": false, "username": "jan.servicky", "first_name": "Ján", "last_name": "Servický", "email": "luboskohut.shop@gmail.com", "is_staff": false, "is_active": true, "date_joined": "2024-09-23T20:17:00.296", "groups": [], "user_permissions": []}}, {"model": "auth.user", "pk": 10, "fields": {"password": "pbkdf2_sha256$870000$Gm2Bl69azkIF6hpXZRlrev$K0NeTNk1b740tYJzkIz1bYPrhabYyfAelqQs3fvgGq4=", "last_login": null, "is_superuser": false, "username": "danica.viktorini-lisa", "first_name": "Danica", "last_name": "Viktoríni-Lisá", "email": "luboskohut.shop@gmail.com", "is_staff": false, "is_active": true, "date_joined": "2024-09-23T20:17:00.296", "groups": [], "user_permissions": []}}, {"model": "auth.user", "pk": 11, "fields": {"password": "pbkdf2_sha256$870000$Pr4BdTRkmPq9Aumq55BGGq$7YTcG40xybm6579bwyoG7XVmVftTOW9IAqfbquDovJs=", "last_login": null, "is_superuser": false, "username": "vladimir.zakutansky", "first_name": "Vladimír", "last_name": "Zakuťanský", "email": "luboskohut.shop@gmail.com", "is_staff": false, "is_active": true, "date_joined": "2024-09-23T20:17:00.296", "groups": [], "user_permissions": []}}, {"model": "auth.user", "pk": 12, "fields": {"password": "pbkdf2_sha256$870000$8L9UyexhwxZqHRPGSZGTXP$DABg8HgugPSM2vTMnXDqfFR23fwSNBrvPVkKb6EZVqQ=", "last_login": null, "is_superuser": false, "username": "peter.kuzma", "first_name": "Peter", "last_name": "Kuzma", "email": "luboskohut.shop@gmail.com", "is_staff": false, "is_active": true, "date_joined": "2024-09-23T20:17:00.296", "groups": [], "user_permissions": []}}, {"model": "auth.user", "pk": 13, "fields": {"password": "pbkdf2_sha256$870000$G7HqLWTQDYwsemS8s0R3tc$kj8jBOq5s7z0jHdj4Ypv8jlSJlsLbJWWd+VupLUT/kw=", "last_login": null, "is_superuser": false, "username": "marek.szasz", "first_name": "Marek", "last_name": "Szász", "email": "luboskohut.shop@gmail.com", "is_staff": false, "is_active": true, "date_joined": "2024-09-23T20:17:00.296", "groups": [], "user_permissions": []}}, {"model": "auth.user", "pk": 14, "fields": {"password": "pbkdf2_sha256$870000$c7cbrKoWRbRRHA4bc0oRFM$PolfJ7TzbneNIrPAkqZxSSPoUJxN7mM2o/OaSTlTM/g=", "last_login": null, "is_superuser": false, "username": "juraj.mokry", "first_name": "Juraj", "last_name": "Mokrý", "email": "luboskohut.shop@gmail.com", "is_staff": false, "is_active": true, "date_joined": "2024-09-23T20:17:00.296", "groups": [], "user_permissions": []}}, {"model": "auth.user", "pk": 15, "fields": {"password": "pbkdf2_sha256$870000$q9cPXo4kSdgUJsfeF0ZRRN$Lah7HDGbzn0ko8N7EsGWyhKyBlRBJ9HFfUB6QHilUK8=", "last_login": null, "is_superuser": false, "username": "branislav.sekerka", "first_name": "Branislav", "last_name": "Sekerka", "email": "luboskohut.shop@gmail.com", "is_staff": false, "is_active": true, "date_joined": "2024-09-23T20:17:00.296", "groups": [], "user_permissions": []}}, {"model": "auth.user", "pk": 16, "fields": {"password": "pbkdf2_sha256$870000$VVlZHxJFTlKxNHXmrtbVHN$WOXf2dngJWJWInumv8hR3RYPBVPiAVdvNlAnqVLvcj8=", "last_login": null, "is_superuser": false, "username": "peter.hoger", "first_name": "Peter", "last_name": "Höger", "email": "luboskohut.shop@gmail.com", "is_staff": false, "is_active": true, "date_joined": "2024-09-23T20:17:00.296", "groups": [], "user_permissions": []}}, {"model": "auth.user", "pk": 17, "fields": {"password": "pbkdf2_sha256$870000$6aY9hcH8EYcM23GqjtaKgT$jOYfawUN7lbMKTIKnGqKBJ6zfeLM5FK8Gn+4sEsrBik=", "last_login": null, "is_superuser": false, "username": "ruzena.silna", "first_name": "Ružena", "last_name": "Silná", "email": "luboskohut.shop@gmail.com", "is_staff": false, "is_active": true, "date_joined": "2024-09-23T20:17:00.296", "groups": [], "user_permissions": []}}, {"model": "auth.user", "pk": 18, "fields": {"password": "pbkdf2_sha256$870000$xeDvLV92AFURACFhCq64Dg$vEfGcOg43voPuPMMjP4epfuIGS7O2hMgB56BPo/oh/M=", "last_login": null, "is_superuser": false, "username": "pavol.andrejcak", "first_name": "Pavol", "last_name": "Andrejčák", "email": "luboskohut.shop@gmail.com", "is_staff": false, "is_active": true, "date_joined": "2024-09-23T20:17:00.296", "groups": [], "user_permissions": []}}, {"model": "auth.user", "pk": 19, "fields": {"password": "pbkdf2_sha256$870000$F67nmqj7k6ExHKSWCajzbF$9AuuiY0Zh4uzNXKGokBDh5eROiypertfzXSMNCxm3Gs=", "last_login": null, "is_superuser": false, "username": "miroslav.sarka", "first_name": "Miroslav", "last_name": "Sarka", "email": "luboskohut.shop@gmail.com", "is_staff": false, "is_active": true, "date_joined": "2024-09-23T20:17:00.296", "groups": [], "user_permissions": []}}, {"model": "auth.user", "pk": 20, "fields": {"password": "pbkdf2_sha256$870000$nu5NLFuX6g9CHctB5PNvvV$KDZlBgnS4YH6g4ISUt4hiSPJm21erWZPNdNbPII2E6Y=", "last_login": null, "is_superuser": false, "username": "miroslav.juracek", "first_name": "Miroslav", "last_name": "Juráček", "email": "luboskohut.shop@gmail.com", "is_staff": false, "is_active": true, "date_joined": "2024-09-23T20:17:00.296", "groups": [], "user_permissions": []}}, {"model": "auth.user", "pk": 21, "fields": {"password": "pbkdf2_sha256$870000$aptQHwgWN1GFJYkbnqPnkE$PLI82JPgG6JiEl1uccrfUr41yFiMHpqPbfm9AwQ3G1A=", "last_login": null, "is_superuser": false, "username": "igor.schimpl", "first_name": "Igor", "last_name": "Schimpl", "email": "luboskohut.shop@gmail.com", "is_staff": false, "is_active": true, "date_joined": "2024-09-23T20:17:00.296", "groups": [], "user_permissions": []}}, {"model": "auth.user", "pk": 22, "fields": {"password": "pbkdf2_sha256$870000$RgeecCALUsLWMC4UPrSLTY$U/aGy5Fe/UIAVlNcLq7iv2zVNHgt/tACYad9S8spuAE=", "last_login": null, "is_superuser": false, "username": "fedor.hnat", "first_name": "Fedor", "last_name": "Hnát", "email": "luboskohut.shop@gmail.com", "is_staff": false, "is_active": true, "date_joined": "2024-09-23T20:17:00.296", "groups": [], "user_permissions": []}}, {"model": "auth.user", "pk": 23, "fields": {"password": "pbkdf2_sha256$870000$D4NaCaA4fNM3CeNVAIqnwF$dJJW4K5N90HtW0XzZUietnk54xtJeutWSqV3mC1HGCw=", "last_login": null, "is_superuser": false, "username": "jana.niklova", "first_name": "Jana", "last_name": "Niklová", "email": "luboskohut.shop@gmail.com", "is_staff": false, "is_active": true, "date_joined": "2024-09-23T20:17:00.296", "groups": [], "user_permissions": []}}, {"model": "auth.user", "pk": 24, "fields": {"password": "pbkdf2_sha256$870000$l0mizGW1auiksxp5fWaKsb$fRewl4sdpAZUMJTQhL9W036Ufef1x9/32zeGmyjplUM=", "last_login": null, "is_superuser": false, "username": "boris.kovac", "first_name": "Boris", "last_name": "Kováč", "email": "luboskohut.shop@gmail.com", "is_staff": false, "is_active": true, "date_joined": "2024-09-23T20:17:00.296", "groups": [], "user_permissions": []}}, {"model": "auth.user", "pk": 25, "fields": {"password": "pbkdf2_sha256$870000$Go7FUMock8N0BFuDm4QLnL$6c+OhhaSmklvbEaEWOHeVcgfMoW7ejPdjdnfM5pMjLM=", "last_login": null, "is_superuser": false, "username": "andrej.gerboc", "first_name": "Andrej", "last_name": "Gerboc", "email": "luboskohut.shop@gmail.com", "is_staff": false, "is_active": true, "date_joined": "2024-09-23T20:17:00.296", "groups": [], "user_permissions": []}}, {"model": "auth.user", "pk": 26, "fields": {"password": "pbkdf2_sha256$870000$oQyE69OZqb8Y5tcjl2IHYf$z3I1D/7nRNd1zNoTJDiyqtls5TLW5DStxwXv9zwiVxY=", "last_login": null, "is_superuser": false, "username": "dusan.abelovsky", "first_name": "Dušan", "last_name": "Abelovský", "email": "luboskohut.shop@gmail.com", "is_staff": false, "is_active": true, "date_joined": "2024-09-23T20:17:00.296", "groups": [], "user_permissions": []}}, {"model": "auth.user", "pk": 27, "fields": {"password": "pbkdf2_sha256$870000$f5737xm2lZYIBa1khmNMrf$xZi2agunRhGZ2FDe4JV50yia5lTKLR9MWU9fXWWMVuY=", "last_login": null, "is_superuser": false, "username": "peter.cuntala", "first_name": "Peter", "last_name": "Čuntala", "email": "luboskohut.shop@gmail.com", "is_staff": false, "is_active": true, "date_joined": "2024-09-23T20:17:00.296", "groups": [], "user_permissions": []}}, {"model": "auth.user", "pk": 28, "fields": {"password": "pbkdf2_sha256$870000$blLUugWpngghx6wOmPUNQY$fiW1nR57raV38uTo0VmwhFGqgLyUqYq5f5HbrfRrryk=", "last_login": null, "is_superuser": false, "username": "fedor.tirsel", "first_name": "Fedor", "last_name": "Tiršel", "email": "luboskohut.shop@gmail.com", "is_staff": false, "is_active": true, "date_joined": "2024-09-23T20:17:00.296", "groups": [], "user_permissions": []}}, {"model": "auth.user", "pk": 29, "fields": {"password": "pbkdf2_sha256$870000$v7XPQ05IpqaYB4Uci7VVIx$ucScN3bc/Er7DEBU3xweLnTfHigbJClyyXlw9EWcZs0=", "last_login": null, "is_superuser": false, "username": "lubos.kohut", "first_name": "Ľuboš", "last_name": "Kohút", "email": "luboskohut.shop@gmail.com", "is_staff": false, "is_active": true, "date_joined": "2024-09-23T20:17:00.296", "groups": [], "user_permissions": []}}, {"model": "auth.user", "pk": 30, "fields": {"password": "pbkdf2_sha256$870000$QOTuF2gDvXRIU5RmNrdeZK$KH10vsBIerMcewrmPO/NjHLAcVNmeBhtXYiPFYJ+J/A=", "last_login": null, "is_superuser": false, "username": "peter.malik", "first_name": "Peter", "last_name": "Malík", "email": "luboskohut.shop@gmail.com", "is_staff": false, "is_active": true, "date_joined": "2024-09-23T20:17:00.296", "groups": [], "user_permissions": []}}, {"model": "auth.user", "pk": 31, "fields": {"password": "pbkdf2_sha256$870000$tEdrPZfSkIge64DfhRS3EY$9a4l+3lNewjoY4alQHSL7rUiMSyunacc5omuw76lDz8=", "last_login": null, "is_superuser": false, "username": "peter.tino", "first_name": "Peter", "last_name": "Tiňo", "email": "luboskohut.shop@gmail.com", "is_staff": false, "is_active": true, "date_joined": "2024-09-23T20:17:00.296", "groups": [], "user_permissions": []}}, {"model": "auth.user", "pk": 32, "fields": {"password": "pbkdf2_sha256$870000$yZnUWZ9qXalymqyoHfqlAd$Wde+fGTMPJnFxLjxXTH01v0lCRj5/PpZisFQQO0Ob9s=", "last_login": null, "is_superuser": false, "username": "miroslav.orolim", "first_name": "Miroslav", "last_name": "Orolím", "email": "luboskohut.shop@gmail.com", "is_staff": false, "is_active": true, "date_joined": "2024-09-23T20:17:00.296", "groups": [], "user_permissions": []}}, {"model": "auth.user", "pk": 33, "fields": {"password": "pbkdf2_sha256$870000$PgVbIoVy6CGah1XufFCjPT$NFFfnIgexB82SHKBgeYO2EV1Abtb4QZcy0kDuJ111fs=", "last_login": null, "is_superuser": false, "username": "vasil.cicak", "first_name": "Vasil", "last_name": "Cicák", "email": "luboskohut.shop@gmail.com", "is_staff": false, "is_active": true, "date_joined": "2024-09-23T20:17:00.296", "groups": [], "user_permissions": []}}, {"model": "auth.user", "pk": 34, "fields": {"password": "pbkdf2_sha256$870000$8cbOf1Azn7nHHvRD8bQG4q$JV02e9pgElP3Utr+tqg6u/z0Quv1SxoWNMnFhu2PPKM=", "last_login": null, "is_superuser": false, "username": "milan.pivarcek", "first_name": "Milan", "last_name": "Pivarček", "email": "luboskohut.shop@gmail.com", "is_staff": false, "is_active": true, "date_joined": "2024-09-23T20:17:00.296", "groups": [], "user_permissions": []}}, {"model": "auth.user", "pk": 35, "fields": {"password": "pbkdf2_sha256$870000$pNBqDpJ3A7BpVX23IUqQkW$USOBDlUov+L875uo8UWIxcH0R7SWYmvfbrOpnmQeCOE=", "last_login": null, "is_superuser": false, "username": "michal.svorencik", "first_name": "Michal", "last_name": "Svorenčík", "email": "luboskohut.shop@gmail.com", "is_staff": false, "is_active": true, "date_joined": "2024-09-23T20:17:00.296", "groups": [], "user_permissions": []}}, {"model": "auth.user", "pk": 36, "fields": {"password": "pbkdf2_sha256$870000$5lvBb73Wm8h1ULnhXt46vs$NuyjG00svI37sPWH/O/tdtvfwPdjCyyyokbVVVUhwEA=", "last_login": null, "is_superuser": false, "username": "julius.vavrek", "first_name": "Július", "last_name": "Vavrek", "email": "luboskohut.shop@gmail.com", "is_staff": false, "is_active": true, "date_joined": "2024-09-23T20:17:00.296", "groups": [], "user_permissions": []}}, {"model": "auth.user", "pk": 37, "fields": {"password": "pbkdf2_sha256$870000$Hz49KxQlI5l1DnxImrJpZT$nvmD5PMYDPrDhxIhTJ6dAq+lozBKZsjJR6ThvmILC6g=", "last_login": null, "is_superuser": false, "username": "petra.myskova", "first_name": "Petra", "last_name": "Myšková", "email": "luboskohut.shop@gmail.com", "is_staff": false, "is_active": true, "date_joined": "2024-09-23T20:17:00.296", "groups": [], "user_permissions": []}}, {"model": "auth.user", "pk": 38, "fields": {"password": "pbkdf2_sha256$870000$VRnyUiIoMOhvnfN6p8Bo9b$zCzAjAKzUBF7CJTN5ex9yasZMb2nihs/L07cPbC0JLc=", "last_login": null, "is_superuser": false, "username": "lukas.kralovic", "first_name": "Lukáš", "last_name": "Královič", "email": "luboskohut.shop@gmail.com", "is_staff": false, "is_active": true, "date_joined": "2024-09-23T20:17:00.296", "groups": [], "user_permissions": []}}, {"model": "auth.user", "pk": 39, "fields": {"password": "pbkdf2_sha256$870000$5RG5ci3XXMtnCimyVEQs41$yojc/WJ6VuyXwEjQsXUV9FqO06FJPzdnbdMLmEcpJ/U=", "last_login": null, "is_superuser": false, "username": "veronika.garayova", "first_name": "Veronika", "last_name": "Garayová", "email": "luboskohut.shop@gmail.com", "is_staff": false, "is_active": true, "date_joined": "2024-09-23T20:17:00.296", "groups": [], "user_permissions": []}}, {"model": "auth.user", "pk": 40, "fields": {"password": "pbkdf2_sha256$870000$rilGG3vytX69Rdc9hUuztz$nFKZBVDPme5VuT2UsL3KWg1zXSzr1dn1VnYtWoQ1nsM=", "last_login": null, "is_superuser": false, "username": "martin.smolko", "first_name": "Martin", "last_name": "Smolko", "email": "luboskohut.shop@gmail.com", "is_staff": false, "is_active": true, "date_joined": "2024-09-23T20:17:00.296", "groups": [], "user_permissions": []}}, {"model": "auth.user", "pk": 41, "fields": {"password": "pbkdf2_sha256$870000$MO9PBEQf2SlKszfLSuPuPv$cHrhiTomhjyZLd4/iyCt2st852mtMokvdtTmVtx7QRg=", "last_login": null, "is_superuser": false, "username": "ladislav.jakab-ml", "first_name": "Ladislav", "last_name": "Jakab, ml.", "email": "luboskohut.shop@gmail.com", "is_staff": false, "is_active": true, "date_joined": "2024-09-23T20:17:00.296", "groups": [], "user_permissions": []}}, {"model": "auth.user", "pk": 42, "fields": {"password": "pbkdf2_sha256$870000$DV2cuhFvunGJn3qd34p8o9$3rGR//RyyUKkhg9itWg+0WjyB9fjbPnhRkHrxCHK/xg=", "last_login": null, "is_superuser": false, "username": "dusan.dovicovic", "first_name": "Dušan", "last_name": "Dovičovič", "email": "luboskohut.shop@gmail.com", "is_staff": false, "is_active": true, "date_joined": "2024-09-23T20:17:00.296", "groups": [], "user_permissions": []}}, {"model": "auth.user", "pk": 43, "fields": {"password": "pbkdf2_sha256$870000$Ez6Xd1TW0tE4MfkZaGg2ny$YBrhkX9wny67AVQtHa7Fxb4HfT2A9uHHSuG8d635G+E=", "last_login": null, "is_superuser": false, "username": "tibor.holcik", "first_name": "Tibor", "last_name": "Holčík", "email": "luboskohut.shop@gmail.com", "is_staff": false, "is_active": true, "date_joined": "2024-09-23T20:17:00.296", "groups": [], "user_permissions": []}}, {"model": "auth.user", "pk": 44, "fields": {"password": "pbkdf2_sha256$870000$7FxhFMEngfkAggW6H8S1Qr$O4o2Wvt/wkH9jGunqiLTit7jFGSUSg2Iaff2EePy0V8=", "last_login": null, "is_superuser": false, "username": "katarina.nemcova", "first_name": "Katarína", "last_name": "Nemcová", "email": "luboskohut.shop@gmail.com", "is_staff": false, "is_active": true, "date_joined": "2024-09-23T20:17:00.296", "groups": [], "user_permissions": []}}, {"model": "auth.user", "pk": 45, "fields": {"password": "pbkdf2_sha256$870000$5vJpWfu3ByNlrNmnVew1Gd$lxWTh/X9b1EhyCHPX+IxDsyP/OYqw21mevPW0TWGcPU=", "last_login": null, "is_superuser": false, "username": "luboslav.sotak", "first_name": "Ľuboslav", "last_name": "Soták", "email": "luboskohut.shop@gmail.com", "is_staff": false, "is_active": true, "date_joined": "2024-09-23T20:17:00.296", "groups": [], "user_permissions": []}}, {"model": "auth.user", "pk": 46, "fields": {"password": "pbkdf2_sha256$870000$3CrSirS70BCXdTRkySIRom$QuR7D+Mf3nN0Yxg59KfWcgGEwGC48KjoM5e70xYcmSA=", "last_login": null, "is_superuser": false, "username": "ivan.hudak", "first_name": "Ivan", "last_name": "Hudák", "email": "luboskohut.shop@gmail.com", "is_staff": false, "is_active": true, "date_joined": "2024-09-23T20:17:00.296", "groups": [], "user_permissions": []}}, {"model": "auth.user", "pk": 47, "fields": {"password": "pbkdf2_sha256$870000$N3az1jSodEKDX7H55bRjkc$Bzy0vFz0/jFXt7/CT5cRb2nvnfONCIZjTlec+6+OH2E=", "last_login": null, "is_superuser": false, "username": "michaela-maria.gregorova", "first_name": "Michaela Mária", "last_name": "Gregorová", "email": "luboskohut.shop@gmail.com", "is_staff": false, "is_active": true, "date_joined": "2024-09-23T20:17:00.296", "groups": [], "user_permissions": []}}, {"model": "auth.user", "pk": 48, "fields": {"password": "pbkdf2_sha256$870000$JmPFAYd5A3Kbuo7XFhyOnd$6CSgikapaQ1r1kWlQbtuNxlswD9I/ZuaDbTOuvbU/tQ=", "last_login": null, "is_superuser": false, "username": "jaromir.stepanek", "first_name": "Jaromír", "last_name": "Štěpánek", "email": "luboskohut.shop@gmail.com", "is_staff": false, "is_active": true, "date_joined": "2024-09-23T20:17:00.296", "groups": [], "user_permissions": []}}, {"model": "auth.user", "pk": 49, "fields": {"password": "pbkdf2_sha256$870000$dpDCI71TX9dbx95LHHemzK$bAbI2AXmBrFENcXcMVL/awzq5FzoP0CXt8M4rbJa/u0=", "last_login": null, "is_superuser": false, "username": "marian.mitterpach", "first_name": "Marián", "last_name": "Mitterpach", "email": "luboskohut.shop@gmail.com", "is_staff": false, "is_active": true, "date_joined": "2024-09-23T20:17:00.296", "groups": [], "user_permissions": []}}, {"model": "auth.user", "pk": 50, "fields": {"password": "pbkdf2_sha256$870000$fl9wqcZZVspXQldlVANbFP$qIMaoSWTZZZ8AyPxUwWsfcryhc3TZJNMN63tPy6cRWE=", "last_login": null, "is_superuser": false, "username": "andrii.yurlov", "first_name": "Andrii", "last_name": "Yurlov", "email": "luboskohut.shop@gmail.com", "is_staff": false, "is_active": true, "date_joined": "2024-09-23T20:17:00.296", "groups": [], "user_permissions": []}}, {"model": "auth.user", "pk": 51, "fields": {"password": "pbkdf2_sha256$870000$tH91Ck6yyrFEHz3re0uy1u$z7moy6aOd/pd3bTEFro0O1MpldFw87KtSuDQNqsyqrw=", "last_login": null, "is_superuser": false, "username": "katarina.platznerova", "first_name": "Katarína", "last_name": "Platznerová", "email": "luboskohut.shop@gmail.com", "is_staff": false, "is_active": true, "date_joined": "2024-09-23T20:17:00.296", "groups": [], "user_permissions": []}}, {"model": "auth.user", "pk": 52, "fields": {"password": "pbkdf2_sha256$870000$vH7LJNGTJ8Ow3KNl96xmPF$zqtRpXbILFrPwAlORwWjkvvIPmK2kaRBpI96Cm3qIDo=", "last_login": null, "is_superuser": false, "username": "martin.hrcka", "first_name": "Martin", "last_name": "Hrčka", "email": "luboskohut.shop@gmail.com", "is_staff": false, "is_active": true, "date_joined": "2024-09-23T20:17:00.296", "groups": [], "user_permissions": []}}, {"model": "auth.user", "pk": 53, "fields": {"password": "pbkdf2_sha256$870000$jnWIFyTBMflQgPPPOAKhMz$ZNs9Cb3IGvXKIfki7HxSA1LGAaMGqz2MB+NuYmtVdew=", "last_login": null, "is_superuser": false, "username": "marek.polcan", "first_name": "Marek", "last_name": "Polčan", "email": "luboskohut.shop@gmail.com", "is_staff": false, "is_active": true, "date_joined": "2024-09-23T20:17:00.296", "groups": [], "user_permissions": []}}, {"model": "auth.user", "pk": 54, "fields": {"password": "pbkdf2_sha256$870000$UzFwegPhIXfwyoBkHkbPYt$UiNtIS/eK7l7Ma3kaiwNG5Y8dwn4KgwkjfEToPFZFDI=", "last_login": null, "is_superuser": false, "username": "denisa.kubovicova", "first_name": "Denisa", "last_name": "Kubovičová", "email": "luboskohut.shop@gmail.com", "is_staff": false, "is_active": true, "date_joined": "2024-09-23T20:17:00.296", "groups": [], "user_permissions": []}}, {"model": "auth.user", "pk": 55, "fields": {"password": "pbkdf2_sha256$870000$EJqKe71SohVN648zvobjyc$xGXx0ceFiiPCDcU6AcJIZjdbeik7LxK6mAhtw9DGimo=", "last_login": null, "is_superuser": false, "username": "michal.strelec", "first_name": "Michal", "last_name": "Strelec", "email": "luboskohut.shop@gmail.com", "is_staff": false, "is_active": true, "date_joined": "2024-09-23T20:17:00.296", "groups": [], "user_permissions": []}}, {"model": "auth.user", "pk": 56, "fields": {"password": "pbkdf2_sha256$870000$B59zDHZf640OMhRRysoQVT$7vgH2QNyjtCINazgM4R9r3FT2oW7jRsl30ynEPwK/EE=", "last_login": null, "is_superuser": false, "username": "peter.toman", "first_name": "Peter", "last_name": "Toman", "email": "luboskohut.shop@gmail.com", "is_staff": false, "is_active": true, "date_joined": "2024-09-23T20:17:00.296", "groups": [], "user_permissions": []}}, {"model": "auth.user", "pk": 57, "fields": {"password": "pbkdf2_sha256$870000$wQ6Cf4OhU53apwubQLumdX$YLUxc/TNVzxa5iLSPiYJfCfenEnmj/aPtW3ljSMRGcM=", "last_login": null, "is_superuser": false, "username": "martin.miscik", "first_name": "Martin", "last_name": "Miščík", "email": "luboskohut.shop@gmail.com", "is_staff": false, "is_active": true, "date_joined": "2024-09-23T20:17:00.296", "groups": [], "user_permissions": []}}, {"model": "auth.user", "pk": 58, "fields": {"password": "pbkdf2_sha256$870000$ULHZmnEWDJ8kJzfHAjIDEF$uohN2ayndldjqVL7dqTzH2acPeZK6V0yMWhOv9jXpos=", "last_login": null, "is_superuser": false, "username": "valter.repka", "first_name": "Valter", "last_name": "Repka", "email": "luboskohut.shop@gmail.com", "is_staff": false, "is_active": true, "date_joined": "2024-09-23T20:17:00.296", "groups": [], "user_permissions": []}}, {"model": "auth.user", "pk": 59, "fields": {"password": "pbkdf2_sha256$870000$5iIjvJuBEgO7eKTV4weEG7$NDJZq42An03pqB/1MRntnvTZeP66ScXnCQL/5lHYE8w=", "last_login": null, "is_superuser": false, "username": "matej.gala", "first_name": "Matej", "last_name": "Gála", "email": "luboskohut.shop@gmail.com", "is_staff": false, "is_active": true, "date_joined": "2024-09-23T20:17:00.296", "groups": [], "user_permissions": []}}, {"model": "auth.user", "pk": 60, "fields": {"password": "pbkdf2_sha256$870000$xfUdCPnBIDZvWGICDA6iRJ$LlKnu7WMQI0h6Xqiu8kI3rIQRizj/QSXQ5cJmbhFnsk=", "last_login": null, "is_superuser": false, "username": "daniel.kohani", "first_name": "Daniel", "last_name": "Koháni", "email": "luboskohut.shop@gmail.com", "is_staff": false, "is_active": true, "date_joined": "2024-09-23T20:17:00.296", "groups": [], "user_permissions": []}}, {"model": "auth.user", "pk": 61, "fields": {"password": "pbkdf2_sha256$870000$zellCM2jfJmsneW65Dk1TP$Lz99YzOmFph/geujtVixX7v/E4Eyfvr5lf0y3EQOr2U=", "last_login": null, "is_superuser": false, "username": "maros.sopko", "first_name": "Maroš", "last_name": "Sopko", "email": "luboskohut.shop@gmail.com", "is_staff": false, "is_active": true, "date_joined": "2024-09-23T20:17:00.296", "groups": [], "user_permissions": []}}, {"model": "auth.user", "pk": 62, "fields": {"password": "pbkdf2_sha256$870000$wkGtYflSkJiD3CpKdJNyh5$nQ8xmt2AkkE5DabJcgGZSvVmR9aGj7rpNPrYKP4Vpwg=", "last_login": null, "is_superuser": false, "username": "tomas.pikulik", "first_name": "Tomáš", "last_name": "Pikulík", "email": "luboskohut.shop@gmail.com", "is_staff": false, "is_active": true, "date_joined": "2024-09-23T20:17:00.296", "groups": [], "user_permissions": []}}, {"model": "auth.user", "pk": 63, "fields": {"password": "pbkdf2_sha256$870000$PjPd6DNjDWCWZ1S2q26FpV$yLokQRZE/sjN4WUT0QTtvsA4dSVsjG1bRREPxaZ8utA=", "last_login": null, "is_superuser": false, "username": "andrej.bartosovic", "first_name": "Andrej", "last_name": "Bartošovič", "email": "luboskohut.shop@gmail.com", "is_staff": false, "is_active": true, "date_joined": "2024-09-23T20:17:00.296", "groups": [], "user_permissions": []}}, {"model": "auth.user", "pk": 64, "fields": {"password": "pbkdf2_sha256$870000$lP0qOuuYLI0WUncWxa2KY6$ZQLoCRpo/s/5MjiFjEQqr9oBSeDdsDUj3R1c73VcmSw=", "last_login": null, "is_superuser": false, "username": "milan.kohut", "first_name": "Milan", "last_name": "Kohút", "email": "luboskohut.shop@gmail.com", "is_staff": false, "is_active": true, "date_joined": "2024-09-23T20:17:00.296", "groups": [], "user_permissions": []}}, {"model": "auth.user", "pk": 65, "fields": {"password": "pbkdf2_sha256$870000$VzstpRgkOujKNHQqPB7iiB$l/zArSCm4sB2Pz5hvsARNA3PWTgDvVqsWmVFtLoCtiE=", "last_login": null, "is_superuser": false, "username": "adam.suchanek", "first_name": "Adam", "last_name": "Suchánek", "email": "luboskohut.shop@gmail.com", "is_staff": false, "is_active": true, "date_joined": "2024-09-23T20:17:00.296", "groups": [], "user_permissions": []}}, {"model": "auth.user", "pk": 66, "fields": {"password": "pbkdf2_sha256$870000$dCHJPcKUSqc7Svf10FpEXi$Qn6j4AHWI436X3y3CzMFTQGc3C62D9DOQwoHW2YhF5A=", "last_login": null, "is_superuser": false, "username": "filip.duda", "first_name": "Filip", "last_name": "Duda", "email": "luboskohut.shop@gmail.com", "is_staff": false, "is_active": true, "date_joined": "2024-09-23T20:17:00.296", "groups": [], "user_permissions": []}}, {"model": "auth.user", "pk": 67, "fields": {"password": "pbkdf2_sha256$870000$Bupt5eoXiXu48rExgsUMme$rAM97mSMcsC4CS/X1xsn1HngqI3eHI4JlAAyzrJXp6Y=", "last_login": null, "is_superuser": false, "username": "oleg.blicha", "first_name": "Oleg", "last_name": "Blicha", "email": "luboskohut.shop@gmail.com", "is_staff": false, "is_active": true, "date_joined": "2024-09-23T20:17:00.296", "groups": [], "user_permissions": []}}, {"model": "auth.user", "pk": 68, "fields": {"password": "pbkdf2_sha256$870000$MuyYxomDHOowJ2iSv4kV16$z1Ku3gjYeCugiH/P9VC1i2rS+2pod6B/xAicU1lUihw=", "last_login": null, "is_superuser": false, "username": "miriama.hudacinova", "first_name": "Miriama", "last_name": "Hudačinová", "email": "luboskohut.shop@gmail.com", "is_staff": false, "is_active": true, "date_joined": "2024-09-23T20:17:00.296", "groups": [], "user_permissions": []}}, {"model": "auth.user", "pk": 69, "fields": {"password": "pbkdf2_sha256$870000$F8ivqPD17AcC1DmsqYOGTS$/SDyuE6yfvoPgxVe3bvCI1WB12UZK9ofBT5mBYCPZnY=", "last_login": null, "is_superuser": false, "username": "michal.grendel", "first_name": "Michal", "last_name": "Grendel", "email": "luboskohut.shop@gmail.com", "is_staff": false, "is_active": true, "date_joined": "2024-09-23T20:17:00.296", "groups": [], "user_permissions": []}}, {"model": "auth.user", "pk": 70, "fields": {"password": "pbkdf2_sha256$870000$umuRVCKWPM7ocMntnB7J4M$fRq8/eHFzdsdF7kaW1SdzZC6SNwKwJMFuyQNdj01ESU=", "last_login": null, "is_superuser": false, "username": "matus.lehet", "first_name": "Matúš", "last_name": "Lehet", "email": "luboskohut.shop@gmail.com", "is_staff": false, "is_active": true, "date_joined": "2024-09-23T20:17:00.296", "groups": [], "user_permissions": []}}, {"model": "auth.user", "pk": 71, "fields": {"password": "pbkdf2_sha256$870000$qiFlthxMSRPFkubKSGd1YA$DLC0vdTd/Sj4xMYx6TB+QlMdg1wOg0sniFwK1z0+4Zs=", "last_login": null, "is_superuser": false, "username": "martin.petrakovic", "first_name": "Martin", "last_name": "Petrakovič", "email": "luboskohut.shop@gmail.com", "is_staff": false, "is_active": true, "date_joined": "2024-09-23T20:17:00.296", "groups": [], "user_permissions": []}}, {"model": "auth.user", "pk": 72, "fields": {"password": "pbkdf2_sha256$870000$Nmm9vG5CRNodJexlS9hCRf$isA5S8znmbmrMjZgMuJxOskvi98rWvJdqtHayIhhP94=", "last_login": null, "is_superuser": false, "username": "andrej.slovak", "first_name": "Andrej", "last_name": "Slovák", "email": "luboskohut.shop@gmail.com", "is_staff": false, "is_active": true, "date_joined": "2024-09-23T20:17:00.296", "groups": [], "user_permissions": []}}, {"model": "auth.user", "pk": 73, "fields": {"password": "pbkdf2_sha256$870000$h8oV6gwrIWLBJTX0JGck20$WhFsn9cQzW2wA7pggvAgobpn8M94rx79suJCFq/FsI0=", "last_login": null, "is_superuser": false, "username": "ema.szaszova", "first_name": "Ema", "last_name": "Szászová", "email": "luboskohut.shop@gmail.com", "is_staff": false, "is_active": true, "date_joined": "2024-09-23T20:17:00.296", "groups": [], "user_permissions": []}}, {"model": "auth.user", "pk": 74, "fields": {"password": "pbkdf2_sha256$870000$jvBkPEyCWQFJSnOS77xzZM$TxPz9c4WdPI1c4L7cT38HD0gdzcQly2MK+qgvcUcqgM=", "last_login": null, "is_superuser": false, "username": "maros.sturak", "first_name": "Maroš", "last_name": "Šturák", "email": "luboskohut.shop@gmail.com", "is_staff": false, "is_active": true, "date_joined": "2024-09-23T20:17:00.296", "groups": [], "user_permissions": []}}, {"model": "auth.user", "pk": 75, "fields": {"password": "pbkdf2_sha256$870000$zNOHkbL70pCDh4YwftPvT7$KgCOBXhsUR2fSb4c95E8CBohuKhRV/dRN0Sh+S/g8Dw=", "last_login": null, "is_superuser": false, "username": "karol.sramek", "first_name": "Karol", "last_name": "Šrámek", "email": "luboskohut.shop@gmail.com", "is_staff": false, "is_active": true, "date_joined": "2024-09-23T20:17:00.296", "groups": [], "user_permissions": []}}, {"model": "auth.user", "pk": 76, "fields": {"password": "pbkdf2_sha256$870000$olc8BmhPHcK3Ss53P54F9u$lSiqSPY0Nrstj87XSE8tam05OHlx/uDHGqABVe2lGW4=", "last_login": null, "is_superuser": false, "username": "jan.maruniak", "first_name": "Ján", "last_name": "Maruniak", "email": "luboskohut.shop@gmail.com", "is_staff": false, "is_active": true, "date_joined": "2024-09-23T20:17:00.296", "groups": [], "user_permissions": []}}, {"model": "auth.user", "pk": 77, "fields": {"password": "pbkdf2_sha256$870000$jOynys7gBy9hZh41Rigxyz$vfcm3I4By9UCOP65hhcbUJANdjFJ/3wQhfOu4o8SzHc=", "last_login": null, "is_superuser": false, "username": "samuel.horvath", "first_name": "Samuel", "last_name": "Horváth", "email": "luboskohut.shop@gmail.com", "is_staff": false, "is_active": true, "date_joined": "2024-09-23T20:17:00.296", "groups": [], "user_permissions": []}}, {"model": "auth.user", "pk": 78, "fields": {"password": "pbkdf2_sha256$870000$Smw7Ls64zf1SuuYpyRY4aW$GFQrvfGC21I9KQL4koqJUbPsQ5wbM3XizgE02baz5ao=", "last_login": null, "is_superuser": false, "username": "marek.vozar", "first_name": "Marek", "last_name": "Vozár", "email": "luboskohut.shop@gmail.com", "is_staff": false, "is_active": true, "date_joined": "2024-09-23T20:17:00.296", "groups": [], "user_permissions": []}}, {"model": "auth.user", "pk": 79, "fields": {"password": "pbkdf2_sha256$870000$nLKOKszZyECPIN8teARWUj$9EF0ARZXOfcZkTCqN8Mj0tui40zG+3F1jU+1a+SOGGg=", "last_login": null, "is_superuser": false, "username": "timotej.palkovic", "first_name": "Timotej", "last_name": "Palkovič", "email": "luboskohut.shop@gmail.com", "is_staff": false, "is_active": true, "date_joined": "2024-09-23T20:17:00.296", "groups": [], "user_permissions": []}}, {"model": "auth.user", "pk": 80, "fields": {"password": "pbkdf2_sha256$870000$ApbPiWHn8xOV5ZVslTBqnS$qzE23wT1eRb9kY+Iu5L/FQp+gK3HEaVi/w2tMhEfN/Y=", "last_login": null, "is_superuser": false, "username": "sona.salisova", "first_name": "Soňa", "last_name": "Sališová", "email": "luboskohut.shop@gmail.com", "is_staff": false, "is_active": true, "date_joined": "2024-09-23T20:17:00.296", "groups": [], "user_permissions": []}}, {"model": "auth.user", "pk": 81, "fields": {"password": "pbkdf2_sha256$870000$vXcPtpSjTXur9W0XIp7dZJ$BHnGdPug4rp8BvAl62gufvzEJc2aegYhgpC0iWaL39I=", "last_login": null, "is_superuser": false, "username": "linda.zahradnikova", "first_name": "Linda", "last_name": "Zahradníková", "email": "luboskohut.shop@gmail.com", "is_staff": false, "is_active": true, "date_joined": "2024-09-23T20:17:00.296", "groups": [], "user_permissions": []}}, {"model": "auth.user", "pk": 82, "fields": {"password": "pbkdf2_sha256$870000$9nS2g6dkXsy9YQbxdKHIeU$dVqspo5GonINRCE7TYdd+sfKMjgPCyraSLfdmO4y2Uo=", "last_login": null, "is_superuser": false, "username": "dominik.dlugos", "first_name": "Dominik", "last_name": "Dlugoš", "email": "luboskohut.shop@gmail.com", "is_staff": false, "is_active": true, "date_joined": "2024-09-23T20:17:00.296", "groups": [], "user_permissions": []}}, {"model": "auth.user", "pk": 83, "fields": {"password": "pbkdf2_sha256$870000$IrNXTR2Me3Im90qSJ7h3qS$QqAI7xGvRXCioU/2KZr1t8Pwvex6vF95xsJnjRUrp/E=", "last_login": null, "is_superuser": false, "username": "samuel.kundrata", "first_name": "Samuel", "last_name": "Kundrata", "email": "luboskohut.shop@gmail.com", "is_staff": false, "is_active": true, "date_joined": "2024-09-23T20:17:00.296", "groups": [], "user_permissions": []}}, {"model": "auth.user", "pk": 84, "fields": {"password": "pbkdf2_sha256$870000$MGVqk7yVDW8QTm8gmoiaeJ$Xa6lOvG6AXH6X7HURGK0WSclrQCkoCtZBuAy4XboKw0=", "last_login": null, "is_superuser": false, "username": "jan.vojcinak", "first_name": "Ján", "last_name": "Vojčinák", "email": "luboskohut.shop@gmail.com", "is_staff": false, "is_active": true, "date_joined": "2024-09-23T20:17:00.296", "groups": [], "user_permissions": []}}, {"model": "auth.user", "pk": 85, "fields": {"password": "pbkdf2_sha256$870000$XKh9BcZZJCDPDX8exzz9r3$l37c7V5pv3UcYYaa+iYhmkpLNAhUedsDhb9xffPw+qg=", "last_login": null, "is_superuser": false, "username": "petra.ivancakova", "first_name": "Petra", "last_name": "Ivančáková", "email": "luboskohut.shop@gmail.com", "is_staff": false, "is_active": true, "date_joined": "2024-09-23T20:17:00.296", "groups": [], "user_permissions": []}}, {"model": "auth.user", "pk": 86, "fields": {"password": "pbkdf2_sha256$870000$rC9ceuY8IylvuG8N7xS4Te$jfabyODb0IcK4UcSkcyMIfkvHb9UR5o8rlApvbrtEYc=", "last_login": null, "is_superuser": false, "username": "danylo.romanov", "first_name": "Danylo", "last_name": "Romanov", "email": "luboskohut.shop@gmail.com", "is_staff": false, "is_active": true, "date_joined": "2024-09-23T20:17:00.296", "groups": [], "user_permissions": []}}, {"model": "auth.user", "pk": 87, "fields": {"password": "pbkdf2_sha256$870000$Ez1iaKHKhMvK2FOaoJCe4A$pGF4dDkf10LMhaWX7mswAdG5eiVI+SBigFoLW9ueV0s=", "last_login": null, "is_superuser": false, "username": "gregor.andrejko", "first_name": "Gregor", "last_name": "Andrejko", "email": "luboskohut.shop@gmail.com", "is_staff": false, "is_active": true, "date_joined": "2024-09-23T20:17:00.296", "groups": [], "user_permissions": []}}, {"model": "auth.user", "pk": 88, "fields": {"password": "pbkdf2_sha256$870000$igCOLntq8TdIUaXD1LWqMn$UVgc8dYEsiR1FINfXeqFCDkq/w4afVnZbi9kGqZaQpc=", "last_login": null, "is_superuser": false, "username": "zoja.bohacsekova", "first_name": "Zoja", "last_name": "Bohácseková", "email": "luboskohut.shop@gmail.com", "is_staff": false, "is_active": true, "date_joined": "2024-09-23T20:17:00.296", "groups": [], "user_permissions": []}}, {"model": "auth.user", "pk": 89, "fields": {"password": "pbkdf2_sha256$870000$NIG6t07HYQpA0tSs0xGDz4$Fu168OUsRL7W9GZeDsGjeRuqRqfPDiH5Vol+x877CWE=", "last_login": null, "is_superuser": false, "username": "lukas.ganaj", "first_name": "Lukáš", "last_name": "Ganaj", "email": "luboskohut.shop@gmail.com", "is_staff": false, "is_active": true, "date_joined": "2024-09-23T20:17:00.296", "groups": [], "user_permissions": []}}, {"model": "auth.user", "pk": 90, "fields": {"password": "pbkdf2_sha256$870000$j4Hrr4SCMJ2oxspLMrjZQH$8Yx4Yjf8rQKsoBnqnxZITln9ScprJn/4p2FrKFSt/Yo=", "last_login": null, "is_superuser": false, "username": "leonard-erik.gombar", "first_name": "Leonard Erik", "last_name": "Gombár", "email": "luboskohut.shop@gmail.com", "is_staff": false, "is_active": true, "date_joined": "2024-09-23T20:17:00.296", "groups": [], "user_permissions": []}}, {"model": "auth.user", "pk": 91, "fields": {"password": "pbkdf2_sha256$870000$0QLUNWqRf1YM4D2B11mS5K$s53eSvyZPrQsgh3TA7QE/6GVeEQZebJxf/RpQnKLS3w=", "last_login": null, "is_superuser": false, "username": "michaela.dubenova", "first_name": "Michaela", "last_name": "Dubeňová", "email": "luboskohut.shop@gmail.com", "is_staff": false, "is_active": true, "date_joined": "2024-09-23T20:17:00.296", "groups": [], "user_permissions": []}}, {"model": "auth.user", "pk": 92, "fields": {"password": "pbkdf2_sha256$870000$hI3evX7DR4EsO2MyFEbTqA$FizM2rxU+2ExOlyD/fN9tTyjH54dayHSU+D0bhChdlc=", "last_login": null, "is_superuser": false, "username": "miroslav.kadnar", "first_name": "Miroslav", "last_name": "Kadnár", "email": "luboskohut.shop@gmail.com", "is_staff": false, "is_active": true, "date_joined": "2024-09-23T20:17:00.296", "groups": [], "user_permissions": []}}, {"model": "auth.user", "pk": 93, "fields": {"password": "pbkdf2_sha256$870000$J5lDT9fNRGDXMmu0TeClt1$OR50Virf5/20yf/3tc+afKdKw74UtZrLWhLNUMl1Og8=", "last_login": null, "is_superuser": false, "username": "natalia-marta.kajabova", "first_name": "Natália Marta", "last_name": "Kajabová", "email": "luboskohut.shop@gmail.com", "is_staff": false, "is_active": true, "date_joined": "2024-09-23T20:17:00.296", "groups": [], "user_permissions": []}}, {"model": "auth.user", "pk": 94, "fields": {"password": "pbkdf2_sha256$870000$CBs6dht6EL6Zgm9xhE4J9M$SY52Y96LHkvnL4nxcCWyhZvC3QRIq+Q33DbgVz1MPeg=", "last_login": null, "is_superuser": false, "username": "adam.lastivka", "first_name": "Adam", "last_name": "Lastivka", "email": "luboskohut.shop@gmail.com", "is_staff": false, "is_active": true, "date_joined": "2024-09-23T20:17:00.296", "groups": [], "user_permissions": []}}, {"model": "auth.user", "pk": 95, "fields": {"password": "pbkdf2_sha256$870000$wn1VnBk0UBeZiKGFwamATg$7ULkHjALqfO8ZGaHZd8C05H5J7iiWwkwObPKtyaZzLk=", "last_login": null, "is_superuser": false, "username": "lucia.liskova", "first_name": "Lucia", "last_name": "Lišková", "email": "luboskohut.shop@gmail.com", "is_staff": false, "is_active": true, "date_joined": "2024-09-23T20:17:00.296", "groups": [], "user_permissions": []}}, {"model": "auth.user", "pk": 96, "fields": {"password": "pbkdf2_sha256$870000$YdMu1MRscjpvCbDdTQYsEM$QVogdAaodhheuy0EPT3Q5RkfZn2+I/5937U5zfV8aHU=", "last_login": null, "is_superuser": false, "username": "alexej.maslak", "first_name": "Alexej", "last_name": "Maslák", "email": "luboskohut.shop@gmail.com", "is_staff": false, "is_active": true, "date_joined": "2024-09-23T20:17:00.296", "groups": [], "user_permissions": []}}, {"model": "auth.user", "pk": 97, "fields": {"password": "pbkdf2_sha256$870000$BTvGf4hAd2YfrI5fzFovy3$Ijevu+E7pQV15DP5ZEbiVx5i/1GNQTVoUTL0+5M2fPM=", "last_login": null, "is_superuser": false, "username": "marcela.meroova", "first_name": "Marcela", "last_name": "Meroova", "email": "luboskohut.shop@gmail.com", "is_staff": false, "is_active": true, "date_joined": "2024-09-23T20:17:00.296", "groups": [], "user_permissions": []}}, {"model": "auth.user", "pk": 98, "fields": {"password": "pbkdf2_sha256$870000$qQ466LbZDv4THBmGZzds3C$ftrnzP0cMECWid5JRcfFO3ReM8af5Jis97uR/p+MnOY=", "last_login": null, "is_superuser": false, "username": "peter.schatz", "first_name": "Peter", "last_name": "Schatz", "email": "luboskohut.shop@gmail.com", "is_staff": false, "is_active": true, "date_joined": "2024-09-23T20:17:00.296", "groups": [], "user_permissions": []}}, {"model": "auth.user", "pk": 99, "fields": {"password": "pbkdf2_sha256$870000$V7VBjCnpO8pnyBeddybiuA$JftF6FL3izrTwoEsCF1EQpXt6ch4GDAMgrId6plZJ1A=", "last_login": null, "is_superuser": false, "username": "ivan.valasik", "first_name": "Ivan", "last_name": "Valašik", "email": "luboskohut.shop@gmail.com", "is_staff": false, "is_active": true, "date_joined": "2024-09-23T20:17:00.296", "groups": [], "user_permissions": []}}, {"model": "auth.user", "pk": 100, "fields": {"password": "pbkdf2_sha256$870000$ZuaZdwQu4IyjPQ7fjdc3kX$OKWxaUYyDnpDYq1SDJLiaM2iZnXVGr3Ktbn/4Uddx5Q=", "last_login": null, "is_superuser": false, "username": "rebeka-elizabeth.vuckan", "first_name": "Rebeka Elizabeth", "last_name": "Vučkan", "email": "luboskohut.shop@gmail.com", "is_staff": false, "is_active": true, "date_joined": "2024-09-23T20:17:00.296", "groups": [], "user_permissions": []}}, {"model": "contenttypes.contenttype", "pk": 1, "fields": {"app_label": "admin", "model": "logentry"}}, {"model": "contenttypes.contenttype", "pk": 2, "fields": {"app_label": "auth", "model": "permission"}}, {"model": "contenttypes.contenttype", "pk": 3, "fields": {"app_label": "auth", "model": "group"}}, {"model": "contenttypes.contenttype", "pk": 4, "fields": {"app_label": "auth", "model": "user"}}, {"model": "contenttypes.contenttype", "pk": 5, "fields": {"app_label": "contenttypes", "model": "contenttype"}}, {"model": "contenttypes.contenttype", "pk": 6, "fields": {"app_label": "sessions", "model": "session"}}, {"model": "contenttypes.contenttype", "pk": 7, "fields": {"app_label": "accounts", "model": "profilemanager"}}, {"model": "contenttypes.contenttype", "pk": 8, "fields": {"app_label": "accounts", "model": "profilereferee"}}, {"model": "contenttypes.contenttype", "pk": 9, "fields": {"app_label": "referees", "model": "referee"}}, {"model": "contenttypes.contenttype", "pk": 10, "fields": {"app_label": "referees", "model": "unavailability"}}, {"model": "contenttypes.contenttype", "pk": 11, "fields": {"app_label": "referees", "model": "refereelicencetype"}}, {"model": "contenttypes.contenttype", "pk": 12, "fields": {"app_label": "competitions", "model": "city"}}, {"model": "contenttypes.contenttype", "pk": 13, "fields": {"app_label": "competitions", "model": "competition"}}, {"model": "contenttypes.contenttype", "pk": 14, "fields": {"app_label": "competitions", "model": "competitionlevel"}}, {"model": "contenttypes.contenttype", "pk": 15, "fields": {"app_label": "competitions", "model": "season"}}, {"model": "contenttypes.contenttype", "pk": 16, "fields": {"app_label": "competitions", "model": "competitioninseason"}}, {"model": "contenttypes.contenttype", "pk": 17, "fields": {"app_label": "competitions", "model": "team"}}, {"model": "contenttypes.contenttype", "pk": 18, "fields": {"app_label": "competitions", "model": "match"}}, {"model": "contenttypes.contenttype", "pk": 19, "fields": {"app_label": "delegations", "model": "delegation"}}, {"model": "accounts.profilereferee", "pk": 1, "fields": {"user": 6, "referee": 1}}, {"model": "accounts.profilereferee", "pk": 2, "fields": {"user": 7, "referee": 2}}, {"model": "accounts.profilereferee", "pk": 3, "fields": {"user": 8, "referee": 3}}, {"model": "accounts.profilereferee", "pk": 4, "fields": {"user": 9, "referee": 4}}, {"model": "accounts.profilereferee", "pk": 5, "fields": {"user": 10, "referee": 5}}, {"model": "accounts.profilereferee", "pk": 6, "fields": {"user": 11, "referee": 6}}, {"model": "accounts.profilereferee", "pk": 7, "fields": {"user": 12, "referee": 7}}, {"model": "accounts.profilereferee", "pk": 8, "fields": {"user": 13, "referee": 8}}, {"model": "accounts.profilereferee", "pk": 9, "fields": {"user": 14, "referee": 9}}, {"model": "accounts.profilereferee", "pk": 10, "fields": {"user": 15, "referee": 10}}, {"model": "accounts.profilereferee", "pk": 11, "fields": {"user": 16, "referee": 11}}, {"model": "accounts.profilereferee", "pk": 12, "fields": {"user": 17, "referee": 12}}, {"model": "accounts.profilereferee", "pk": 13, "fields": {"user": 18, "referee": 13}}, {"model": "accounts.profilereferee", "pk": 14, "fields": {"user": 19, "referee": 14}}, {"model": "accounts.profilereferee", "pk": 15, "fields": {"user": 20, "referee": 15}}, {"model": "accounts.profilereferee", "pk": 16, "fields": {"user": 21, "referee": 16}}, {"model": "accounts.profilereferee", "pk": 17, "fields": {"user": 22, "referee": 17}}, {"model": "accounts.profilereferee", "pk": 18, "fields": {"user": 23, "referee": 18}}, {"model": "accounts.profilereferee", "pk": 19, "fields": {"user": 24, "referee": 19}}, {"model": "accounts.profilereferee", "pk": 20, "fields": {"user": 25, "referee": 20}}, {"model": "accounts.profilereferee", "pk": 21, "fields": {"user": 26, "referee": 21}}, {"model": "accounts.profilereferee", "pk": 22, "fields": {"user": 27, "referee": 22}}, {"model": "accounts.profilereferee", "pk": 23, "fields": {"user": 28, "referee": 23}}, {"model": "accounts.profilereferee", "pk": 24, "fields": {"user": 29, "referee": 24}}, {"model": "accounts.profilereferee", "pk": 25, "fields": {"user": 30, "referee": 25}}, {"model": "accounts.profilereferee", "pk": 26, "fields": {"user": 31, "referee": 26}}, {"model": "accounts.profilereferee", "pk": 27, "fields": {"user": 32, "referee": 27}}, {"model": "accounts.profilereferee", "pk": 28, "fields": {"user": 33, "referee": 28}}, {"model": "accounts.profilereferee", "pk": 29, "fields": {"user": 34, "referee": 29}}, {"model": "accounts.profilereferee", "pk": 30, "fields": {"user": 35, "referee": 30}}, {"model": "accounts.profilereferee", "pk": 31, "fields": {"user": 36, "referee": 31}}, {"model": "accounts.profilereferee", "pk": 32, "fields": {"user": 37, "referee": 32}}, {"model": "accounts.profilereferee", "pk": 33, "fields": {"user": 38, "referee": 33}}, {"model": "accounts.profilereferee", "pk": 34, "fields": {"user": 39, "referee": 34}}, {"model": "accounts.profilereferee", "pk": 35, "fields": {"user": 40, "referee": 35}}, {"model": "accounts.profilereferee", "pk": 36, "fields": {"user": 41, "referee": 36}}, {"model": "accounts.profilereferee", "pk": 37, "fields": {"user": 42, "referee": 37}}, {"model": "accounts.profilereferee", "pk": 38, "fields": {"user": 43, "referee": 38}}, {"model": "accounts.profilereferee", "pk": 39, "fields": {"user": 44, "referee": 39}}, {"model": "accounts.profilereferee", "pk": 40, "fields": {"user": 45, "referee": 40}}, {"model": "accounts.profilereferee", "pk": 41, "fields": {"user": 46, "referee": 41}}, {"model": "accounts.profilereferee", "pk": 42, "fields": {"user": 47, "referee": 42}}, {"model": "accounts.profilereferee", "pk": 43, "fields": {"user": 48, "referee": 43}}, {"model": "accounts.profilereferee", "pk": 44, "fields": {"user": 49, "referee": 44}}, {"model": "accounts.profilereferee", "pk": 45, "fields": {"user": 50, "referee": 45}}, {"model": "accounts.profilereferee", "pk": 46, "fields": {"user": 51, "referee": 46}}, {"model": "accounts.profilereferee", "pk": 47, "fields": {"user": 52, "referee": 47}}, {"model": "accounts.profilereferee", "pk": 48, "fields": {"user": 53, "referee": 48}}, {"model": "accounts.profilereferee", "pk": 49, "fields": {"user": 54, "referee": 49}}, {"model": "accounts.profilereferee", "pk": 50, "fields": {"user": 55, "referee": 50}}, {"model": "accounts.profilereferee", "pk": 51, "fields": {"user": 56, "referee": 51}}, {"model": "accounts.profilereferee", "pk": 52, "fields": {"user": 57, "referee": 52}}, {"model": "accounts.profilereferee", "pk": 53, "fields": {"user": 58, "referee": 53}}, {"model": "accounts.profilereferee", "pk": 54, "fields": {"user": 59, "referee": 54}}, {"model": "accounts.profilereferee", "pk": 55, "fields": {"user": 60, "referee": 55}}, {"model": "accounts.profilereferee", "pk": 56, "fields": {"user": 61, "referee": 56}}, {"model": "accounts.profilereferee", "pk": 57, "fields": {"user": 62, "referee": 57}}, {"model": "accounts.profilereferee", "pk": 58, "fields": {"user": 63, "referee": 58}}, {"model": "accounts.profilereferee", "pk": 59, "fields": {"user": 64, "referee": 59}}, {"model": "accounts.profilereferee", "pk": 60, "fields": {"user": 65, "referee": 60}}, {"model": "accounts.profilereferee", "pk": 61, "fields": {"user": 66, "referee": 61}}, {"model": "accounts.profilereferee", "pk": 62, "fields": {"user": 67, "referee": 62}}, {"model": "accounts.profilereferee", "pk": 63, "fields": {"user": 68, "referee": 63}}, {"model": "accounts.profilereferee", "pk": 64, "fields": {"user": 69, "referee": 64}}, {"model": "accounts.profilereferee", "pk": 65, "fields": {"user": 70, "referee": 65}}, {"model": "accounts.profilereferee", "pk": 66, "fields": {"user": 71, "referee": 66}}, {"model": "accounts.profilereferee", "pk": 67, "fields": {"user": 72, "referee": 67}}, {"model": "accounts.profilereferee", "pk": 68, "fields": {"user": 73, "referee": 68}}, {"model": "accounts.profilereferee", "pk": 69, "fields": {"user": 74, "referee": 69}}, {"model": "accounts.profilereferee", "pk": 70, "fields": {"user": 75, "referee": 70}}, {"model": "accounts.profilereferee", "pk": 71, "fields": {"user": 76, "referee": 71}}, {"model": "accounts.profilereferee", "pk": 72, "fields": {"user": 77, "referee": 72}}, {"model": "accounts.profilereferee", "pk": 73, "fields": {"user": 78, "referee": 73}}, {"model": "accounts.profilereferee", "pk": 74, "fields": {"user": 79, "referee": 74}}, {"model": "accounts.profilereferee", "pk": 75, "fields": {"user": 80, "referee": 75}}, {"model": "accounts.profilereferee", "pk": 76, "fields": {"user": 81, "referee": 76}}, {"model": "accounts.profilereferee", "pk": 77, "fields": {"user": 82, "referee": 77}}, {"model": "accounts.profilereferee", "pk": 78, "fields": {"user": 83, "referee": 78}}, {"model": "accounts.profilereferee", "pk": 79, "fields": {"user": 84, "referee": 79}}, {"model": "accounts.profilereferee", "pk": 80, "fields": {"user": 85, "referee": 80}}, {"model": "accounts.profilereferee", "pk": 81, "fields": {"user": 86, "referee": 81}}, {"model": "accounts.profilereferee", "pk": 82, "fields": {"user": 87, "referee": 82}}, {"model": "accounts.profilereferee", "pk": 83, "fields": {"user": 88, "referee": 83}}, {"model": "accounts.profilereferee", "pk": 84, "fields": {"user": 89, "referee": 84}}, {"model": "accounts.profilereferee", "pk": 85, "fields": {"user": 90, "referee": 85}}, {"model": "accounts.profilereferee", "pk": 86, "fields": {"user": 91, "referee": 86}}, {"model": "accounts.profilereferee", "pk": 87, "fields": {"user": 92, "referee": 87}}, {"model": "accounts.profilereferee", "pk": 88, "fields": {"user": 93, "referee": 88}}, {"model": "accounts.profilereferee", "pk": 89, "fields": {"user": 94, "referee": 89}}, {"model": "accounts.profilereferee", "pk": 90, "fields": {"user": 95, "referee": 90}}, {"model": "accounts.profilereferee", "pk": 91, "fields": {"user": 96, "referee": 91}}, {"model": "accounts.profilereferee", "pk": 92, "fields": {"user": 97, "referee": 92}}, {"model": "accounts.profilereferee", "pk": 93, "fields": {"user": 98, "referee": 93}}, {"model": "accounts.profilereferee", "pk": 94, "fields": {"user": 99, "referee": 94}}, {"model": "accounts.profilereferee", "pk": 95, "fields": {"user": 100, "referee": 95}}, {"model": "accounts.profilemanager", "pk": 1, "fields": {"manager_type": null, "user": 1, "phone": "+420776176651"}}, {"model": "accounts.profilemanager", "pk": 2, "fields": {"manager_type": "Referee Manager", "user": 2, "phone": "+420776176651"}}, {"model": "accounts.profilemanager", "pk": 3, "fields": {"manager_type": "Competition Manager", "user": 3, "phone": "+420776176651"}}, {"model": "accounts.profilemanager", "pk": 4, "fields": {"manager_type": "Delegation Manager", "user": 4, "phone": "+420776176651"}}, {"model": "accounts.profilemanager", "pk": 5, "fields": {"manager_type": "Site Manager", "user": 5, "phone": "+420776176651"}}, {"model": "referees.refereelicencetype", "pk": 1, "fields": {"name": "AM", "competition_levels": [1, 2, 3]}}, {"model": "referees.refereelicencetype", "pk": 2, "fields": {"name": "A", "competition_levels": [1, 2, 3]}}, {"model": "referees.refereelicencetype", "pk": 3, "fields": {"name": "B", "competition_levels": [2, 3]}}, {"model": "referees.refereelicencetype", "pk": 4, "fields": {"name": "C", "competition_levels": [3]}}, {"model": "referees.referee", "pk": 1, "fields": {"licence_number": 56, "licence_type": 4, "city": 30, "rating": 79.5, "phone": "+421911570905"}}, {"model": "referees.referee", "pk": 2, "fields": {"licence_number": 67, "licence_type": 4, "city": 23, "rating": 74.6, "phone": "+421908973090"}}, {"model": "referees.referee", "pk": 3, "fields": {"licence_number": 92, "licence_type": 1, "city": 29, "rating": 92.8, "phone": "+421905696130"}}, {"model": "referees.referee", "pk": 4, "fields": {"licence_number": 95, "licence_type": 3, "city": 23, "rating": 78.4, "phone": "+421905832246"}}, {"model": "referees.referee", "pk": 5, "fields": {"licence_number": 123, "licence_type": 1, "city": 1, "rating": 92.0, "phone": "+421905263888"}}, {"model": "referees.referee", "pk": 6, "fields": {"licence_number": 133, "licence_type": 3, "city": 1, "rating": 76.9, "phone": "+421904364239"}}, {"model": "referees.referee", "pk": 7, "fields": {"licence_number": 139, "licence_type": 3, "city": 4, "rating": 75.3, "phone": "+421905876777"}}, {"model": "referees.referee", "pk": 8, "fields": {"licence_number": 141, "licence_type": 2, "city": 12, "rating": 87.5, "phone": "+421918799631"}}, {"model": "referees.referee", "pk": 9, "fields": {"licence_number": 169, "licence_type": 1, "city": 31, "rating": 96.0, "phone": "+421905791604"}}, {"model": "referees.referee", "pk": 10, "fields": {"licence_number": 172, "licence_type": 3, "city": 10, "rating": 85.6, "phone": "+421948600748"}}, {"model": "referees.referee", "pk": 11, "fields": {"licence_number": 230, "licence_type": 1, "city": 23, "rating": 93.6, "phone": "+421905604576"}}, {"model": "referees.referee", "pk": 12, "fields": {"licence_number": 271, "licence_type": 4, "city": 4, "rating": 68.8, "phone": "+421903437417"}}, {"model": "referees.referee", "pk": 13, "fields": {"licence_number": 280, "licence_type": 2, "city": 32, "rating": 88.0, "phone": "+421905121322"}}, {"model": "referees.referee", "pk": 14, "fields": {"licence_number": 307, "licence_type": 2, "city": 1, "rating": 95.0, "phone": "+421903822180"}}, {"model": "referees.referee", "pk": 15, "fields": {"licence_number": 343, "licence_type": 1, "city": 1, "rating": 95.8, "phone": "+421948304308"}}, {"model": "referees.referee", "pk": 16, "fields": {"licence_number": 346, "licence_type": 1, "city": 1, "rating": 92.8, "phone": "+421948141277"}}, {"model": "referees.referee", "pk": 17, "fields": {"licence_number": 350, "licence_type": 3, "city": 33, "rating": 74.8, "phone": "+421918080221"}}, {"model": "referees.referee", "pk": 18, "fields": {"licence_number": 388, "licence_type": 1, "city": 34, "rating": 86.6, "phone": "+421907647812"}}, {"model": "referees.referee", "pk": 19, "fields": {"licence_number": 394, "licence_type": 1, "city": 35, "rating": 94.0, "phone": "+421903327409"}}, {"model": "referees.referee", "pk": 20, "fields": {"licence_number": 407, "licence_type": 2, "city": 1, "rating": 84.3, "phone": "+421903286040"}}, {"model": "referees.referee", "pk": 21, "fields": {"licence_number": 439, "licence_type": 4, "city": 36, "rating": 75.8, "phone": "+421903163747"}}, {"model": "referees.referee", "pk": 22, "fields": {"licence_number": 477, "licence_type": 2, "city": 9, "rating": 93.0, "phone": "+421904962286"}}, {"model": "referees.referee", "pk": 23, "fields": {"licence_number": 489, "licence_type": 1, "city": 64, "rating": 89.0, "phone": "+420776253362"}}, {"model": "referees.referee", "pk": 24, "fields": {"licence_number": 491, "licence_type": 2, "city": 11, "rating": 88.0, "phone": "+420774580960"}}, {"model": "referees.referee", "pk": 25, "fields": {"licence_number": 511, "licence_type": 2, "city": 37, "rating": 95.0, "phone": "+421905226509"}}, {"model": "referees.referee", "pk": 26, "fields": {"licence_number": 517, "licence_type": 2, "city": 25, "rating": 88.5, "phone": "+421949287029"}}, {"model": "referees.referee", "pk": 27, "fields": {"licence_number": 522, "licence_type": 3, "city": 38, "rating": 73.5, "phone": "+421908941924"}}, {"model": "referees.referee", "pk": 28, "fields": {"licence_number": 530, "licence_type": 3, "city": 18, "rating": 87.0, "phone": "+421904679616"}}, {"model": "referees.referee", "pk": 29, "fields": {"licence_number": 534, "licence_type": 2, "city": 15, "rating": 86.8, "phone": "+421910247631"}}, {"model": "referees.referee", "pk": 30, "fields": {"licence_number": 536, "licence_type": 2, "city": 1, "rating": 77.0, "phone": "+421901770030"}}, {"model": "referees.referee", "pk": 31, "fields": {"licence_number": 541, "licence_type": 3, "city": 39, "rating": 71.7, "phone": "+421905524901"}}, {"model": "referees.referee", "pk": 32, "fields": {"licence_number": 545, "licence_type": 3, "city": 40, "rating": 71.6, "phone": "+421908233513"}}, {"model": "referees.referee", "pk": 33, "fields": {"licence_number": 547, "licence_type": 1, "city": 1, "rating": 94.0, "phone": "+421908223279"}}, {"model": "referees.referee", "pk": 34, "fields": {"licence_number": 557, "licence_type": 3, "city": 15, "rating": 76.5, "phone": "+421902490215"}}, {"model": "referees.referee", "pk": 35, "fields": {"licence_number": 558, "licence_type": 2, "city": 27, "rating": 81.8, "phone": "+421902305340"}}, {"model": "referees.referee", "pk": 36, "fields": {"licence_number": 561, "licence_type": 3, "city": 1, "rating": 77.8, "phone": "+421904015939"}}, {"model": "referees.referee", "pk": 37, "fields": {"licence_number": 576, "licence_type": 2, "city": 1, "rating": 91.5, "phone": "+421904908780"}}, {"model": "referees.referee", "pk": 38, "fields": {"licence_number": 603, "licence_type": 2, "city": 18, "rating": 83.0, "phone": "+421905608246"}}, {"model": "referees.referee", "pk": 39, "fields": {"licence_number": 606, "licence_type": 3, "city": 1, "rating": 84.3, "phone": "+421905131237"}}, {"model": "referees.referee", "pk": 40, "fields": {"licence_number": 617, "licence_type": 2, "city": 41, "rating": 95.0, "phone": "+421907915595"}}, {"model": "referees.referee", "pk": 41, "fields": {"licence_number": 622, "licence_type": 2, "city": 24, "rating": 83.8, "phone": "+421904381297"}}, {"model": "referees.referee", "pk": 42, "fields": {"licence_number": 646, "licence_type": 4, "city": 42, "rating": 79.0, "phone": "+421908669996"}}, {"model": "referees.referee", "pk": 43, "fields": {"licence_number": 648, "licence_type": 2, "city": 11, "rating": 80.6, "phone": "+421948223449"}}, {"model": "referees.referee", "pk": 44, "fields": {"licence_number": 649, "licence_type": 3, "city": 21, "rating": 83.4, "phone": "+421903513881"}}, {"model": "referees.referee", "pk": 45, "fields": {"licence_number": 655, "licence_type": 2, "city": 10, "rating": 90.5, "phone": "+421949200009"}}, {"model": "referees.referee", "pk": 46, "fields": {"licence_number": 680, "licence_type": 4, "city": 1, "rating": 69.7, "phone": "+421908604180"}}, {"model": "referees.referee", "pk": 47, "fields": {"licence_number": 691, "licence_type": 2, "city": 43, "rating": 88.0, "phone": "+421907406015"}}, {"model": "referees.referee", "pk": 48, "fields": {"licence_number": 703, "licence_type": 3, "city": 44, "rating": 70.4, "phone": "+421903854965"}}, {"model": "referees.referee", "pk": 49, "fields": {"licence_number": 710, "licence_type": 4, "city": 45, "rating": 79.2, "phone": "+421911900171"}}, {"model": "referees.referee", "pk": 50, "fields": {"licence_number": 713, "licence_type": 4, "city": 46, "rating": 70.1, "phone": "+421905113355"}}, {"model": "referees.referee", "pk": 51, "fields": {"licence_number": 717, "licence_type": 2, "city": 47, "rating": 86.0, "phone": "+421907313962"}}, {"model": "referees.referee", "pk": 52, "fields": {"licence_number": 726, "licence_type": 4, "city": 27, "rating": 73.9, "phone": "+421908981612"}}, {"model": "referees.referee", "pk": 53, "fields": {"licence_number": 742, "licence_type": 4, "city": 46, "rating": 65.9, "phone": "+421919170360"}}, {"model": "referees.referee", "pk": 54, "fields": {"licence_number": 751, "licence_type": 3, "city": 48, "rating": 84.5, "phone": "+421910144691"}}, {"model": "referees.referee", "pk": 55, "fields": {"licence_number": 757, "licence_type": 3, "city": 25, "rating": 76.9, "phone": "+421908104036"}}, {"model": "referees.referee", "pk": 56, "fields": {"licence_number": 765, "licence_type": 3, "city": 25, "rating": 74.6, "phone": "+421908210800"}}, {"model": "referees.referee", "pk": 57, "fields": {"licence_number": 767, "licence_type": 4, "city": 1, "rating": 72.4, "phone": "+421918713838"}}, {"model": "referees.referee", "pk": 58, "fields": {"licence_number": 768, "licence_type": 3, "city": 49, "rating": 87.9, "phone": "+421949714124"}}, {"model": "referees.referee", "pk": 59, "fields": {"licence_number": 780, "licence_type": 4, "city": 25, "rating": 68.1, "phone": "+421905327350"}}, {"model": "referees.referee", "pk": 60, "fields": {"licence_number": 786, "licence_type": 3, "city": 43, "rating": 79.6, "phone": "+421917505000"}}, {"model": "referees.referee", "pk": 61, "fields": {"licence_number": 790, "licence_type": 4, "city": 50, "rating": 65.4, "phone": "+421948449788"}}, {"model": "referees.referee", "pk": 62, "fields": {"licence_number": 791, "licence_type": 3, "city": 25, "rating": 83.2, "phone": "+421905453264"}}, {"model": "referees.referee", "pk": 63, "fields": {"licence_number": 792, "licence_type": 4, "city": 51, "rating": 66.5, "phone": "+421903949801"}}, {"model": "referees.referee", "pk": 64, "fields": {"licence_number": 796, "licence_type": 4, "city": 52, "rating": 70.6, "phone": "+421908306277"}}, {"model": "referees.referee", "pk": 65, "fields": {"licence_number": 800, "licence_type": 4, "city": 25, "rating": 78.7, "phone": "+421917440431"}}, {"model": "referees.referee", "pk": 66, "fields": {"licence_number": 806, "licence_type": 4, "city": 1, "rating": 79.8, "phone": "+421902870557"}}, {"model": "referees.referee", "pk": 67, "fields": {"licence_number": 808, "licence_type": 4, "city": 53, "rating": 66.5, "phone": "+421902124212"}}, {"model": "referees.referee", "pk": 68, "fields": {"licence_number": 809, "licence_type": 4, "city": 12, "rating": 71.5, "phone": "+421917843340"}}, {"model": "referees.referee", "pk": 69, "fields": {"licence_number": 812, "licence_type": 4, "city": 54, "rating": 69.5, "phone": "+421907739892"}}, {"model": "referees.referee", "pk": 70, "fields": {"licence_number": 820, "licence_type": 3, "city": 1, "rating": 75.9, "phone": "+421904522435"}}, {"model": "referees.referee", "pk": 71, "fields": {"licence_number": 821, "licence_type": 4, "city": 55, "rating": 65.2, "phone": "+421911523223"}}, {"model": "referees.referee", "pk": 72, "fields": {"licence_number": 822, "licence_type": 4, "city": 9, "rating": 73.9, "phone": "+421948694466"}}, {"model": "referees.referee", "pk": 73, "fields": {"licence_number": 823, "licence_type": 4, "city": 9, "rating": 71.0, "phone": "+421949305621"}}, {"model": "referees.referee", "pk": 74, "fields": {"licence_number": 826, "licence_type": 4, "city": 56, "rating": 72.0, "phone": "+421948415095"}}, {"model": "referees.referee", "pk": 75, "fields": {"licence_number": 829, "licence_type": 4, "city": 57, "rating": 66.6, "phone": "+421915082764"}}, {"model": "referees.referee", "pk": 76, "fields": {"licence_number": 830, "licence_type": 4, "city": 22, "rating": 66.8, "phone": "+421950515462"}}, {"model": "referees.referee", "pk": 77, "fields": {"licence_number": 831, "licence_type": 4, "city": 22, "rating": 67.5, "phone": "+421950494936"}}, {"model": "referees.referee", "pk": 78, "fields": {"licence_number": 834, "licence_type": 4, "city": 22, "rating": 76.4, "phone": "+421904093645"}}, {"model": "referees.referee", "pk": 79, "fields": {"licence_number": 838, "licence_type": 4, "city": 10, "rating": 70.2, "phone": "+421905730994"}}, {"model": "referees.referee", "pk": 80, "fields": {"licence_number": 840, "licence_type": 4, "city": 24, "rating": 65.0, "phone": "+421948272280"}}, {"model": "referees.referee", "pk": 81, "fields": {"licence_number": 841, "licence_type": 4, "city": 58, "rating": 72.5, "phone": "+421944427707"}}, {"model": "referees.referee", "pk": 82, "fields": {"licence_number": 842, "licence_type": 4, "city": 2, "rating": 69.9, "phone": "+421915557666"}}, {"model": "referees.referee", "pk": 83, "fields": {"licence_number": 843, "licence_type": 4, "city": 1, "rating": 71.9, "phone": "+421907404273"}}, {"model": "referees.referee", "pk": 84, "fields": {"licence_number": 844, "licence_type": 4, "city": 52, "rating": 70.3, "phone": "+421902767853"}}, {"model": "referees.referee", "pk": 85, "fields": {"licence_number": 845, "licence_type": 4, "city": 52, "rating": 76.5, "phone": "+421940838886"}}, {"model": "referees.referee", "pk": 86, "fields": {"licence_number": 846, "licence_type": 3, "city": 1, "rating": 74.3, "phone": "+421902232356"}}, {"model": "referees.referee", "pk": 87, "fields": {"licence_number": 848, "licence_type": 4, "city": 1, "rating": 67.6, "phone": "+421951778117"}}, {"model": "referees.referee", "pk": 88, "fields": {"licence_number": 849, "licence_type": 4, "city": 1, "rating": 74.4, "phone": "+421908793856"}}, {"model": "referees.referee", "pk": 89, "fields": {"licence_number": 851, "licence_type": 4, "city": 25, "rating": 70.9, "phone": "+421944387166"}}, {"model": "referees.referee", "pk": 90, "fields": {"licence_number": 853, "licence_type": 4, "city": 17, "rating": 73.9, "phone": "+421917059739"}}, {"model": "referees.referee", "pk": 91, "fields": {"licence_number": 855, "licence_type": 4, "city": 59, "rating": 76.8, "phone": "+421903059305"}}, {"model": "referees.referee", "pk": 92, "fields": {"licence_number": 857, "licence_type": 4, "city": 60, "rating": 66.7, "phone": "+421919162696"}}, {"model": "referees.referee", "pk": 93, "fields": {"licence_number": 858, "licence_type": 4, "city": 61, "rating": 74.6, "phone": "+421950499000"}}, {"model": "referees.referee", "pk": 94, "fields": {"licence_number": 863, "licence_type": 4, "city": 62, "rating": 74.2, "phone": "+421905498615"}}, {"model": "referees.referee", "pk": 95, "fields": {"licence_number": 865, "licence_type": 4, "city": 63, "rating": 76.7, "phone": "+421915600594"}}, {"model": "competitions.city", "pk": 1, "fields": {"name": "Bratislava"}}, {"model": "competitions.city", "pk": 2, "fields": {"name": "Hamuliakovo"}}, {"model": "competitions.city", "pk": 3, "fields": {"name": "Pezinok"}}, {"model": "competitions.city", "pk": 4, "fields": {"name": "Trnava"}}, {"model": "competitions.city", "pk": 5, "fields": {"name": "Senica"}}, {"model": "competitions.city", "pk": 6, "fields": {"name": "Myjava"}}, {"model": "competitions.city", "pk": 7, "fields": {"name": "Nové Mesto nad Váhom"}}, {"model": "competitions.city", "pk": 8, "fields": {"name": "Trenčín"}}, {"model": "competitions.city", "pk": 9, "fields": {"name": "Púchov"}}, {"model": "competitions.city", "pk": 10, "fields": {"name": "Žilina"}}, {"model": "competitions.city", "pk": 11, "fields": {"name": "Prievidza"}}, {"model": "competitions.city", "pk": 12, "fields": {"name": "Komárno"}}, {"model": "competitions.city", "pk": 13, "fields": {"name": "Nitra"}}, {"model": "competitions.city", "pk": 14, "fields": {"name": "Levice"}}, {"model": "competitions.city", "pk": 15, "fields": {"name": "Komjatice"}}, {"model": "competitions.city", "pk": 16, "fields": {"name": "Žiar nad Hronom"}}, {"model": "competitions.city", "pk": 17, "fields": {"name": "Zvolen"}}, {"model": "competitions.city", "pk": 18, "fields": {"name": "Banská Bystrica"}}, {"model": "competitions.city", "pk": 19, "fields": {"name": "Slovenská Ľupča"}}, {"model": "competitions.city", "pk": 20, "fields": {"name": "Liptovský Hrádok"}}, {"model": "competitions.city", "pk": 21, "fields": {"name": "Liptovský Mikuláš"}}, {"model": "competitions.city", "pk": 22, "fields": {"name": "Poprad"}}, {"model": "competitions.city", "pk": 23, "fields": {"name": "Stará Ľubovňa"}}, {"model": "competitions.city", "pk": 24, "fields": {"name": "Spišská Nová Ves"}}, {"model": "competitions.city", "pk": 25, "fields": {"name": "Prešov"}}, {"model": "competitions.city", "pk": 26, "fields": {"name": "Košice"}}, {"model": "competitions.city", "pk": 27, "fields": {"name": "Svidník"}}, {"model": "competitions.city", "pk": 28, "fields": {"name": "Stropkov"}}, {"model": "competitions.city", "pk": 29, "fields": {"name": "Vyšné Hágy"}}, {"model": "competitions.city", "pk": 30, "fields": {"name": "Chrenovec-Brusno"}}, {"model": "competitions.city", "pk": 31, "fields": {"name": "Turčiansky Peter"}}, {"model": "competitions.city", "pk": 32, "fields": {"name": "Nemecká"}}, {"model": "competitions.city", "pk": 33, "fields": {"name": "Martin"}}, {"model": "competitions.city", "pk": 34, "fields": {"name": "Bacúch"}}, {"model": "competitions.city", "pk": 35, "fields": {"name": "Piešťany"}}, {"model": "competitions.city", "pk": 36, "fields": {"name": "Cinobaňa"}}, {"model": "competitions.city", "pk": 37, "fields": {"name": "Vrútky"}}, {"model": "competitions.city", "pk": 38, "fields": {"name": "Veličná"}}, {"model": "competitions.city", "pk": 39, "fields": {"name": "Považská Bystrica"}}, {"model": "competitions.city", "pk": 40, "fields": {"name": "Ďurkov"}}, {"model": "competitions.city", "pk": 41, "fields": {"name": "Vranov nad Topľou"}}, {"model": "competitions.city", "pk": 42, "fields": {"name": "Lipník"}}, {"model": "competitions.city", "pk": 43, "fields": {"name": "Lutila"}}, {"model": "competitions.city", "pk": 44, "fields": {"name": "Bardejov"}}, {"model": "competitions.city", "pk": 45, "fields": {"name": "Vráble"}}, {"model": "competitions.city", "pk": 46, "fields": {"name": "Krupina"}}, {"model": "competitions.city", "pk": 47, "fields": {"name": "Biely Kostol"}}, {"model": "competitions.city", "pk": 48, "fields": {"name": "Brestovec"}}, {"model": "competitions.city", "pk": 49, "fields": {"name": "Jaslovské Bohunice"}}, {"model": "competitions.city", "pk": 50, "fields": {"name": "Kokošovce"}}, {"model": "competitions.city", "pk": 51, "fields": {"name": "Duplín"}}, {"model": "competitions.city", "pk": 52, "fields": {"name": "Revúca"}}, {"model": "competitions.city", "pk": 53, "fields": {"name": "Dobrá Niva"}}, {"model": "competitions.city", "pk": 54, "fields": {"name": "Kapišová"}}, {"model": "competitions.city", "pk": 55, "fields": {"name": "Banská Belá"}}, {"model": "competitions.city", "pk": 56, "fields": {"name": "Bobrovec"}}, {"model": "competitions.city", "pk": 57, "fields": {"name": "Harichovce"}}, {"model": "competitions.city", "pk": 58, "fields": {"name": "Lozorno"}}, {"model": "competitions.city", "pk": 59, "fields": {"name": "Streženice"}}, {"model": "competitions.city", "pk": 60, "fields": {"name": "Moldava nad Bodvou"}}, {"model": "competitions.city", "pk": 61, "fields": {"name": "Hrnčiarovce nad Parnou"}}, {"model": "competitions.city", "pk": 62, "fields": {"name": "Viničné"}}, {"model": "competitions.city", "pk": 63, "fields": {"name": "Gôtovany"}}, {"model": "competitions.city", "pk": 64, "fields": {"name": "Brno"}}, {"model": "competitions.city", "pk": 65, "fields": {"name": "Hnúšťa"}}, {"model": "competitions.season", "pk": 1, "fields": {"name": "2022/2023", "date_of_start": "2022-09-24", "date_of_end": "2023-06-30"}}, {"model": "competitions.season", "pk": 2, "fields": {"name": "2023/2024", "date_of_start": "2023-09-23", "date_of_end": "2024-06-30"}}, {"model": "competitions.season", "pk": 3, "fields": {"name": "2024/2025", "date_of_start": "2024-09-28", "date_of_end": "2025-06-30"}}, {"model": "competitions.competitionlevel", "pk": 1, "fields": {"name": "extra_league"}}, {"model": "competitions.competitionlevel", "pk": 2, "fields": {"name": "first_league"}}, {"model": "competitions.competitionlevel", "pk": 3, "fields": {"name": "regional"}}, {"model": "competitions.competition", "pk": 1, "fields": {"name": "Extraliga muži", "level": 1, "category": "men"}}, {"model": "competitions.competition", "pk": 2, "fields": {"name": "Extraliga ženy", "level": 1, "category": "women"}}, {"model": "competitions.competition", "pk": 3, "fields": {"name": "1. liga muži", "level": 2, "category": "men"}}, {"model": "competitions.competition", "pk": 4, "fields": {"name": "1. liga ženy", "level": 2, "category": "women"}}, {"model": "competitions.competition", "pk": 5, "fields": {"name": "1. liga juniori", "level": 2, "category": "junior boys"}}, {"model": "competitions.competition", "pk": 6, "fields": {"name": "1. liga juniorky", "level": 2, "category": "junior girls"}}, {"model": "competitions.competition", "pk": 7, "fields": {"name": "Kadeti západ", "level": 3, "category": "cadet boys"}}, {"model": "competitions.competition", "pk": 8, "fields": {"name": "Kadetky západ", "level": 3, "category": "cadet girls"}}, {"model": "competitions.competitioninseason", "pk": 1, "fields": {"competition": 1, "season": 1}}, {"model": "competitions.competitioninseason", "pk": 2, "fields": {"competition": 2, "season": 1}}, {"model": "competitions.competitioninseason", "pk": 3, "fields": {"competition": 3, "season": 1}}, {"model": "competitions.competitioninseason", "pk": 4, "fields": {"competition": 4, "season": 1}}, {"model": "competitions.competitioninseason", "pk": 5, "fields": {"competition": 5, "season": 1}}, {"model": "competitions.competitioninseason", "pk": 6, "fields": {"competition": 6, "season": 1}}, {"model": "competitions.competitioninseason", "pk": 7, "fields": {"competition": 7, "season": 1}}, {"model": "competitions.competitioninseason", "pk": 8, "fields": {"competition": 8, "season": 1}}, {"model": "competitions.competitioninseason", "pk": 9, "fields": {"competition": 1, "season": 2}}, {"model": "competitions.competitioninseason", "pk": 10, "fields": {"competition": 2, "season": 2}}, {"model": "competitions.competitioninseason", "pk": 11, "fields": {"competition": 3, "season": 2}}, {"model": "competitions.competitioninseason", "pk": 12, "fields": {"competition": 4, "season": 2}}, {"model": "competitions.competitioninseason", "pk": 13, "fields": {"competition": 5, "season": 2}}, {"model": "competitions.competitioninseason", "pk": 14, "fields": {"competition": 6, "season": 2}}, {"model": "competitions.competitioninseason", "pk": 15, "fields": {"competition": 7, "season": 2}}, {"model": "competitions.competitioninseason", "pk": 16, "fields": {"competition": 8, "season": 2}}, {"model": "competitions.competitioninseason", "pk": 17, "fields": {"competition": 1, "season": 3}}, {"model": "competitions.competitioninseason", "pk": 18, "fields": {"competition": 2, "season": 3}}, {"model": "competitions.competitioninseason", "pk": 19, "fields": {"competition": 3, "season": 3}}, {"model": "competitions.competitioninseason", "pk": 20, "fields": {"competition": 4, "season": 3}}, {"model": "competitions.competitioninseason", "pk": 21, "fields": {"competition": 5, "season": 3}}, {"model": "competitions.competitioninseason", "pk": 22, "fields": {"competition": 6, "season": 3}}, {"model": "competitions.competitioninseason", "pk": 23, "fields": {"competition": 7, "season": 3}}, {"model": "competitions.competitioninseason", "pk": 24, "fields": {"competition": 8, "season": 3}}, {"model": "competitions.team", "pk": 1, "fields": {"name": "Projekt RD SVF", "city": 8, "contact_person": "Daniel Bruch", "phone": "+421917117581", "email": "bruch@svf.sk", "competition_in_season": 1}}, {"model": "competitions.team", "pk": 2, "fields": {"name": "Rieker UJS Komárno", "city": 12, "contact_person": "Róbert Mihalička", "phone": "+421908136747", "email": "robert.mihalicka@zoznam.sk", "competition_in_season": 1}}, {"model": "competitions.team", "pk": 3, "fields": {"name": "TJ Slávia Svidník", "city": 27, "contact_person": "Rastislav Paňko", "phone": "+421903549256", "email": "pankorasto@gmail.com", "competition_in_season": 1}}, {"model": "competitions.team", "pk": 4, "fields": {"name": "TJ Spartak Myjava", "city": 6, "contact_person": "Jaroslav Petrucha", "phone": "+421908267490", "email": "j.petrucha@centrum.cz", "competition_in_season": 1}}, {"model": "competitions.team", "pk": 5, "fields": {"name": "VK MIRAD UNIPO Prešov", "city": 25, "contact_person": "Milan Kundľa", "phone": "+421907354049", "email": "milan.kundla@gmail.com", "competition_in_season": 1}}, {"model": "competitions.team", "pk": 6, "fields": {"name": "VKP Bratislava", "city": 1, "contact_person": "Juraj Tiňo", "phone": "+421919024775", "email": "tinojuraj@gmail.com", "competition_in_season": 1}}, {"model": "competitions.team", "pk": 7, "fields": {"name": "VolleyTeam Prievidza", "city": 11, "contact_person": "Milan Javorčík", "phone": "+421915833430", "email": "javorcik.mj@gmail.com", "competition_in_season": 1}}, {"model": "competitions.team", "pk": 8, "fields": {"name": "Hit UCM Trnava", "city": 4, "contact_person": "Pavol Mančák", "phone": "+421915966089", "email": "hittrnava@gmail.com", "competition_in_season": 2}}, {"model": "competitions.team", "pk": 9, "fields": {"name": "Projekt RD SVF", "city": 13, "contact_person": "Slavomír Huba", "phone": "+421917117580", "email": "slafkohubini@gmail.com", "competition_in_season": 2}}, {"model": "competitions.team", "pk": 10, "fields": {"name": "ŠVK Pezinok", "city": 3, "contact_person": "Ladislav Popeláš", "phone": "+421907754377", "email": "selovica@gmail.com", "competition_in_season": 2}}, {"model": "competitions.team", "pk": 11, "fields": {"name": "VA UNIZA Žilina", "city": 10, "contact_person": "Dalibor Andrisík", "phone": "+421903666772", "email": "andrisik.dalibor@gmail.com", "competition_in_season": 2}}, {"model": "competitions.team", "pk": 12, "fields": {"name": "VK Nové Mesto nad Váhom", "city": 7, "contact_person": "Juraj Šujan", "phone": "+421904847030", "email": "juraj.sujan@vknovemesto.sk", "competition_in_season": 2}}, {"model": "competitions.team", "pk": 13, "fields": {"name": "VK Pirane Brusno", "city": 19, "contact_person": "Alexander Šabo", "phone": "+421911338969", "email": "alexander.sabo2@gmail.com", "competition_in_season": 2}}, {"model": "competitions.team", "pk": 14, "fields": {"name": "VK Prešov", "city": 25, "contact_person": "Imrich Olejník", "phone": "+421905748683", "email": "imrich.olejnik@gmail.com", "competition_in_season": 2}}, {"model": "competitions.team", "pk": 15, "fields": {"name": "VK Slávia EU Bratislava", "city": 1, "contact_person": "Vladimír Hančík", "phone": "+421905613908", "email": "slaviauk-volley@slovanet.sk", "competition_in_season": 2}}, {"model": "competitions.team", "pk": 16, "fields": {"name": "VKP Bratislava", "city": 1, "contact_person": "Róbert Hronský", "phone": "+421908755491", "email": "hronsky@vkpbratislava.sk", "competition_in_season": 2}}, {"model": "competitions.team", "pk": 17, "fields": {"name": "Volley project UKF Nitra", "city": 13, "contact_person": "Ľuboš Červeň", "phone": "+421903471830", "email": "luboscerven@yahoo.com", "competition_in_season": 2}}, {"model": "competitions.team", "pk": 18, "fields": {"name": "MVK Zvolen", "city": 17, "contact_person": "Marek Rojík", "phone": "+421903359254", "email": "marek.rojik@mvkzvolen.sk", "competition_in_season": 3}}, {"model": "competitions.team", "pk": 19, "fields": {"name": "SŠŠ Volejbal Trenčín", "city": 8, "contact_person": "Daniel Bruch", "phone": "+421917117581", "email": "bruch@svf.sk", "competition_in_season": 3}}, {"model": "competitions.team", "pk": 20, "fields": {"name": "ŠK Lokomotiv Komjatice", "city": 15, "contact_person": "Filip Hajas", "phone": "+421950444322", "email": "filip.hajas@gmail.com", "competition_in_season": 3}}, {"model": "competitions.team", "pk": 21, "fields": {"name": "VK MTF Trnava", "city": 4, "contact_person": "Pavol Mančák", "phone": "+421915966089", "email": "hittrnava@gmail.com", "competition_in_season": 3}}, {"model": "competitions.team", "pk": 22, "fields": {"name": "VK Nové Mesto nad Váhom", "city": 7, "contact_person": "Juraj Šujan", "phone": "+421904847030", "email": "juraj.sujan@vknovemesto.sk", "competition_in_season": 3}}, {"model": "competitions.team", "pk": 23, "fields": {"name": "VK Spartak UJS Komárno", "city": 12, "contact_person": "Róbert Mihalička", "phone": "+421908136747", "email": "robert.mihalicka@zoznam.sk", "competition_in_season": 3}}, {"model": "competitions.team", "pk": 24, "fields": {"name": "VKM Stará Ľubovňa", "city": 23, "contact_person": "Marek Kseňák", "phone": "+421917291051", "email": "maximus791@gmail.com", "competition_in_season": 3}}, {"model": "competitions.team", "pk": 25, "fields": {"name": "VKP Bratislava", "city": 1, "contact_person": "Juraj Tiňo", "phone": "+421919024775", "email": "tinojuraj@gmail.com", "competition_in_season": 3}}, {"model": "competitions.team", "pk": 26, "fields": {"name": "VolleyTeam AC UNIZA Žilina", "city": 10, "contact_person": "Peter Minárik", "phone": "+421915832898", "email": "minarik.za@gmail.com", "competition_in_season": 3}}, {"model": "competitions.team", "pk": 27, "fields": {"name": "VolleyTeam Prievidza", "city": 11, "contact_person": "Milan Javorčík", "phone": "+421915833430", "email": "javorcik.mj@gmail.com", "competition_in_season": 3}}, {"model": "competitions.team", "pk": 28, "fields": {"name": "HIT UCM Trnava", "city": 4, "contact_person": "Pavol Mančák", "phone": "+421915966089", "email": "hittrnava@gmail.com", "competition_in_season": 4}}, {"model": "competitions.team", "pk": 29, "fields": {"name": "MŠK Žiar nad Hronom", "city": 16, "contact_person": "Alena Bieliková", "phone": "+421911655619", "email": "bielikova.alena@gmail.com", "competition_in_season": 4}}, {"model": "competitions.team", "pk": 30, "fields": {"name": "SŠŠ Volejbal Nitra", "city": 13, "contact_person": "Slavomír Huba", "phone": "+421917117580", "email": "slafkohubini@gmail.com", "competition_in_season": 4}}, {"model": "competitions.team", "pk": 31, "fields": {"name": "ŠK ELBA Prešov", "city": 25, "contact_person": "Imrich Olejník", "phone": "+421905748683", "email": "imrich.olejnik@gmail.com", "competition_in_season": 4}}, {"model": "competitions.team", "pk": 32, "fields": {"name": "ŠKM Liptovský Hrádok", "city": 20, "contact_person": "Vladimír Vyšný", "phone": "+421903523363", "email": "volejbal@alconet.sk", "competition_in_season": 4}}, {"model": "competitions.team", "pk": 33, "fields": {"name": "VK Iskra Hnúšťa", "city": 65, "contact_person": "Igor Pasiar", "phone": "+421905723902", "email": "pasiar.igor@gmail.com", "competition_in_season": 4}}, {"model": "competitions.team", "pk": 34, "fields": {"name": "Volley project UKF Nitra", "city": 13, "contact_person": "Ľuboš Červeň", "phone": "+421903471830", "email": "luboscerven@yahoo.com", "competition_in_season": 4}}, {"model": "competitions.team", "pk": 35, "fields": {"name": "SŠŠ Volejbal Trenčín", "city": 8, "contact_person": "Daniel Bruch", "phone": "+421917117581", "email": "bruch@svf.sk", "competition_in_season": 5}}, {"model": "competitions.team", "pk": 36, "fields": {"name": "TJ Spartak Myjava", "city": 6, "contact_person": "Jaroslav Petrucha", "phone": "+421908267490", "email": "j.petrucha@centrum.cz", "competition_in_season": 5}}, {"model": "competitions.team", "pk": 37, "fields": {"name": "VK MTF Trnava", "city": 4, "contact_person": "Pavol Mančák", "phone": "+421915966089", "email": "hittrnava@gmail.com", "competition_in_season": 5}}, {"model": "competitions.team", "pk": 38, "fields": {"name": "VK Nové Mesto nad Váhom", "city": 7, "contact_person": "Juraj Šujan", "phone": "+421904847030", "email": "juraj.sujan@vknovemesto.sk", "competition_in_season": 5}}, {"model": "competitions.team", "pk": 39, "fields": {"name": "VK Slávia SPU Nitra", "city": 13, "contact_person": "Ľubomír Paška", "phone": "+421905226889", "email": "lupaska@gmail.com", "competition_in_season": 5}}, {"model": "competitions.team", "pk": 40, "fields": {"name": "VKP Bratislava", "city": 1, "contact_person": "Juraj Tiňo", "phone": "+421919024775", "email": "tinojuraj@gmail.com", "competition_in_season": 5}}, {"model": "competitions.team", "pk": 41, "fields": {"name": "HIT UCM Trnava", "city": 4, "contact_person": "Pavol Mančák", "phone": "+421915966089", "email": "hittrnava@gmail.com", "competition_in_season": 6}}, {"model": "competitions.team", "pk": 42, "fields": {"name": "MVK Stropkov", "city": 28, "contact_person": "Maroš Šturák", "phone": "+421907352951", "email": "maros112@gmail.com", "competition_in_season": 6}}, {"model": "competitions.team", "pk": 43, "fields": {"name": "Palas VK Levice", "city": 14, "contact_person": "Lukáš Lanča", "phone": "+421910204021", "email": "lukas.lanca@gmail.com", "competition_in_season": 6}}, {"model": "competitions.team", "pk": 44, "fields": {"name": "Slávia UK DRÁČIK Bratislava", "city": 1, "contact_person": "Vladimír Hančík", "phone": "+421905613908", "email": "slaviauk-volley@slovanet.sk", "competition_in_season": 6}}, {"model": "competitions.team", "pk": 45, "fields": {"name": "SŠŠ Volejbal Nitra", "city": 13, "contact_person": "Slavomír Huba", "phone": "+421917117580", "email": "slafkohubini@gmail.com", "competition_in_season": 6}}, {"model": "competitions.team", "pk": 46, "fields": {"name": "ŠK ELBA Prešov", "city": 25, "contact_person": "Imrich Olejník", "phone": "+421905748683", "email": "imrich.olejnik@gmail.com", "competition_in_season": 6}}, {"model": "competitions.team", "pk": 47, "fields": {"name": "ŠŠK Bilíkova Bratislava", "city": 1, "contact_person": "Róbert Hronský", "phone": "+421908755491", "email": "hronsky@vkpbratislava.sk", "competition_in_season": 6}}, {"model": "competitions.team", "pk": 48, "fields": {"name": "VK Nové Mesto nad Váhom", "city": 7, "contact_person": "Juraj Šujan", "phone": "+421904847030", "email": "juraj.sujan@vknovemesto.sk", "competition_in_season": 6}}, {"model": "competitions.team", "pk": 49, "fields": {"name": "VM Senica", "city": 5, "contact_person": "Ľubomír Pöštényi", "phone": "+421903236980", "email": "lubomir.postenyi@introplast.sk", "competition_in_season": 6}}, {"model": "competitions.team", "pk": 50, "fields": {"name": "Volley project UKF Nitra", "city": 13, "contact_person": "Ľuboš Červeň", "phone": "+421903471830", "email": "luboscerven@yahoo.com", "competition_in_season": 7}}, {"model": "competitions.team", "pk": 51, "fields": {"name": "SŠŠ Volejbal Trenčín", "city": 8, "contact_person": "Daniel Bruch", "phone": "+421917117581", "email": "bruch@svf.sk", "competition_in_season": 7}}, {"model": "competitions.team", "pk": 52, "fields": {"name": "TJ Spartak Myjava", "city": 6, "contact_person": "Jaroslav Petrucha", "phone": "+421908267490", "email": "j.petrucha@centrum.cz", "competition_in_season": 7}}, {"model": "competitions.team", "pk": 53, "fields": {"name": "VK MTF Trnava", "city": 4, "contact_person": "Pavol Mančák", "phone": "+421915966089", "email": "hittrnava@gmail.com", "competition_in_season": 7}}, {"model": "competitions.team", "pk": 54, "fields": {"name": "VK Nové Mesto nad Váhom", "city": 7, "contact_person": "Juraj Šujan", "phone": "+421904847030", "email": "juraj.sujan@vknovemesto.sk", "competition_in_season": 7}}, {"model": "competitions.team", "pk": 55, "fields": {"name": "VK Slávia SPU Nitra", "city": 13, "contact_person": "Ľubomír Paška", "phone": "+421905226889", "email": "lupaska@gmail.com", "competition_in_season": 7}}, {"model": "competitions.team", "pk": 56, "fields": {"name": "VKP Bratislava", "city": 1, "contact_person": "Juraj Tiňo", "phone": "+421919024775", "email": "tinojuraj@gmail.com", "competition_in_season": 7}}, {"model": "competitions.team", "pk": 57, "fields": {"name": "HIT UCM Trnava", "city": 4, "contact_person": "Pavol Mančák", "phone": "+421915966089", "email": "hittrnava@gmail.com", "competition_in_season": 8}}, {"model": "competitions.team", "pk": 58, "fields": {"name": "MVK Stropkov", "city": 28, "contact_person": "Maroš Šturák", "phone": "+421907352951", "email": "maros112@gmail.com", "competition_in_season": 8}}, {"model": "competitions.team", "pk": 59, "fields": {"name": "Palas VK Levice", "city": 14, "contact_person": "Lukáš Lanča", "phone": "+421910204021", "email": "lukas.lanca@gmail.com", "competition_in_season": 8}}, {"model": "competitions.team", "pk": 60, "fields": {"name": "Slávia UK DRÁČIK Bratislava", "city": 1, "contact_person": "Vladimír Hančík", "phone": "+421905613908", "email": "slaviauk-volley@slovanet.sk", "competition_in_season": 8}}, {"model": "competitions.team", "pk": 61, "fields": {"name": "SŠŠ Volejbal Nitra", "city": 13, "contact_person": "Slavomír Huba", "phone": "+421917117580", "email": "slafkohubini@gmail.com", "competition_in_season": 8}}, {"model": "competitions.team", "pk": 62, "fields": {"name": "ŠK ELBA Prešov", "city": 25, "contact_person": "Imrich Olejník", "phone": "+421905748683", "email": "imrich.olejnik@gmail.com", "competition_in_season": 8}}, {"model": "competitions.team", "pk": 63, "fields": {"name": "ŠŠK Bilíkova Bratislava", "city": 1, "contact_person": "Róbert Hronský", "phone": "+421908755491", "email": "hronsky@vkpbratislava.sk", "competition_in_season": 8}}, {"model": "competitions.team", "pk": 64, "fields": {"name": "VK Nové Mesto nad Váhom", "city": 7, "contact_person": "Juraj Šujan", "phone": "+421904847030", "email": "juraj.sujan@vknovemesto.sk", "competition_in_season": 8}}, {"model": "competitions.team", "pk": 65, "fields": {"name": "VM Senica", "city": 5, "contact_person": "Ľubomír Pöštényi", "phone": "+421903236980", "email": "lubomir.postenyi@introplast.sk", "competition_in_season": 8}}, {"model": "competitions.team", "pk": 66, "fields": {"name": "SŠŠ Trenčín - Projekt RD SVF", "city": 8, "contact_person": "Daniel Bruch", "phone": "+421917117581", "email": "bruch@svf.sk", "competition_in_season": 9}}, {"model": "competitions.team", "pk": 67, "fields": {"name": "Rieker UJS Komárno", "city": 12, "contact_person": "Róbert Mihalička", "phone": "+421908136747", "email": "robert.mihalicka@zoznam.sk", "competition_in_season": 9}}, {"model": "competitions.team", "pk": 68, "fields": {"name": "TJ Slávia Svidník", "city": 27, "contact_person": "Rastislav Paňko", "phone": "+421903549256", "email": "pankorasto@gmail.com", "competition_in_season": 9}}, {"model": "competitions.team", "pk": 69, "fields": {"name": "TJ Spartak Myjava", "city": 6, "contact_person": "Jaroslav Petrucha", "phone": "+421908267490", "email": "j.petrucha@centrum.cz", "competition_in_season": 9}}, {"model": "competitions.team", "pk": 70, "fields": {"name": "VK MIRAD UNIPO Prešov", "city": 25, "contact_person": "Milan Kundľa", "phone": "+421907354049", "email": "milan.kundla@gmail.com", "competition_in_season": 9}}, {"model": "competitions.team", "pk": 71, "fields": {"name": "VKP FTVŠ UK Bratislava", "city": 1, "contact_person": "Juraj Tiňo", "phone": "+421919024775", "email": "tinojuraj@gmail.com", "competition_in_season": 9}}, {"model": "competitions.team", "pk": 72, "fields": {"name": "VK Slávia SPU Nitra", "city": 13, "contact_person": "Ľubomír Paška", "phone": "+421905226889", "email": "lupaska@gmail.com", "competition_in_season": 9}}, {"model": "competitions.team", "pk": 73, "fields": {"name": "ŠVK Tatran Banská Bystrica - Slovenská Ľupča", "city": 19, "contact_person": "Radovan Štrbavý", "phone": "+421905012252", "email": "radovan.strbavy@gmail.com", "competition_in_season": 9}}, {"model": "competitions.team", "pk": 74, "fields": {"name": "Hit UCM Trnava", "city": 4, "contact_person": "Pavol Mančák", "phone": "+421915966089", "email": "hittrnava@gmail.com", "competition_in_season": 10}}, {"model": "competitions.team", "pk": 75, "fields": {"name": "Projekt RD SVF", "city": 13, "contact_person": "Slavomír Huba", "phone": "+421917117580", "email": "slafkohubini@gmail.com", "competition_in_season": 10}}, {"model": "competitions.team", "pk": 76, "fields": {"name": "ŠVK Pezinok", "city": 3, "contact_person": "Ladislav Popeláš", "phone": "+421907754377", "email": "selovica@gmail.com", "competition_in_season": 10}}, {"model": "competitions.team", "pk": 77, "fields": {"name": "VA UNIZA Žilina", "city": 10, "contact_person": "Dalibor Andrisík", "phone": "+421903666772", "email": "andrisik.dalibor@gmail.com", "competition_in_season": 10}}, {"model": "competitions.team", "pk": 78, "fields": {"name": "VK Nové Mesto nad Váhom", "city": 7, "contact_person": "Juraj Šujan", "phone": "+421904847030", "email": "juraj.sujan@vknovemesto.sk", "competition_in_season": 10}}, {"model": "competitions.team", "pk": 79, "fields": {"name": "VK Pirane Brusno", "city": 19, "contact_person": "Alexander Šabo", "phone": "+421911338969", "email": "alexander.sabo2@gmail.com", "competition_in_season": 10}}, {"model": "competitions.team", "pk": 80, "fields": {"name": "VK Prešov", "city": 25, "contact_person": "Imrich Olejník", "phone": "+421905748683", "email": "imrich.olejnik@gmail.com", "competition_in_season": 10}}, {"model": "competitions.team", "pk": 81, "fields": {"name": "VK Slávia EU Bratislava", "city": 1, "contact_person": "Vladimír Hančík", "phone": "+421905613908", "email": "slaviauk-volley@slovanet.sk", "competition_in_season": 10}}, {"model": "competitions.team", "pk": 82, "fields": {"name": "VKP Bratislava", "city": 1, "contact_person": "Róbert Hronský", "phone": "+421908755491", "email": "hronsky@vkpbratislava.sk", "competition_in_season": 10}}, {"model": "competitions.team", "pk": 83, "fields": {"name": "Volley project UKF Nitra", "city": 13, "contact_person": "Ľuboš Červeň", "phone": "+421903471830", "email": "luboscerven@yahoo.com", "competition_in_season": 10}}, {"model": "competitions.team", "pk": 84, "fields": {"name": "MVK Zvolen", "city": 17, "contact_person": "Marek Rojík", "phone": "+421903359254", "email": "marek.rojik@mvkzvolen.sk", "competition_in_season": 11}}, {"model": "competitions.team", "pk": 85, "fields": {"name": "SŠŠ Volejbal Trenčín", "city": 8, "contact_person": "Daniel Bruch", "phone": "+421917117581", "email": "bruch@svf.sk", "competition_in_season": 11}}, {"model": "competitions.team", "pk": 86, "fields": {"name": "ŠK Lokomotiv Komjatice", "city": 15, "contact_person": "Filip Hajas", "phone": "+421950444322", "email": "filip.hajas@gmail.com", "competition_in_season": 11}}, {"model": "competitions.team", "pk": 87, "fields": {"name": "VK MTF Trnava", "city": 4, "contact_person": "Pavol Mančák", "phone": "+421915966089", "email": "hittrnava@gmail.com", "competition_in_season": 11}}, {"model": "competitions.team", "pk": 88, "fields": {"name": "VK Nové Mesto nad Váhom", "city": 7, "contact_person": "Juraj Šujan", "phone": "+421904847030", "email": "juraj.sujan@vknovemesto.sk", "competition_in_season": 11}}, {"model": "competitions.team", "pk": 89, "fields": {"name": "VK Spartak UJS Komárno", "city": 12, "contact_person": "Róbert Mihalička", "phone": "+421908136747", "email": "robert.mihalicka@zoznam.sk", "competition_in_season": 11}}, {"model": "competitions.team", "pk": 90, "fields": {"name": "VKM Stará Ľubovňa", "city": 23, "contact_person": "Marek Kseňák", "phone": "+421917291051", "email": "maximus791@gmail.com", "competition_in_season": 11}}, {"model": "competitions.team", "pk": 91, "fields": {"name": "VKP Bratislava", "city": 1, "contact_person": "Juraj Tiňo", "phone": "+421919024775", "email": "tinojuraj@gmail.com", "competition_in_season": 11}}, {"model": "competitions.team", "pk": 92, "fields": {"name": "VolleyTeam AC UNIZA Žilina", "city": 10, "contact_person": "Peter Minárik", "phone": "+421915832898", "email": "minarik.za@gmail.com", "competition_in_season": 11}}, {"model": "competitions.team", "pk": 93, "fields": {"name": "VolleyTeam Prievidza", "city": 11, "contact_person": "Milan Javorčík", "phone": "+421915833430", "email": "javorcik.mj@gmail.com", "competition_in_season": 11}}, {"model": "competitions.team", "pk": 94, "fields": {"name": "HIT UCM Trnava", "city": 4, "contact_person": "Pavol Mančák", "phone": "+421915966089", "email": "hittrnava@gmail.com", "competition_in_season": 12}}, {"model": "competitions.team", "pk": 95, "fields": {"name": "MŠK Žiar nad Hronom", "city": 16, "contact_person": "Alena Bieliková", "phone": "+421911655619", "email": "bielikova.alena@gmail.com", "competition_in_season": 12}}, {"model": "competitions.team", "pk": 96, "fields": {"name": "SŠŠ Volejbal Nitra", "city": 13, "contact_person": "Slavomír Huba", "phone": "+421917117580", "email": "slafkohubini@gmail.com", "competition_in_season": 12}}, {"model": "competitions.team", "pk": 97, "fields": {"name": "ŠK ELBA Prešov", "city": 25, "contact_person": "Imrich Olejník", "phone": "+421905748683", "email": "imrich.olejnik@gmail.com", "competition_in_season": 12}}, {"model": "competitions.team", "pk": 98, "fields": {"name": "ŠKM Liptovský Hrádok", "city": 20, "contact_person": "Vladimír Vyšný", "phone": "+421903523363", "email": "volejbal@alconet.sk", "competition_in_season": 12}}, {"model": "competitions.team", "pk": 99, "fields": {"name": "VK Iskra Hnúšťa", "city": 65, "contact_person": "Igor Pasiar", "phone": "+421905723902", "email": "pasiar.igor@gmail.com", "competition_in_season": 12}}, {"model": "competitions.team", "pk": 100, "fields": {"name": "Volley project UKF Nitra", "city": 13, "contact_person": "Ľuboš Červeň", "phone": "+421903471830", "email": "luboscerven@yahoo.com", "competition_in_season": 12}}, {"model": "competitions.team", "pk": 101, "fields": {"name": "SŠŠ Volejbal Trenčín", "city": 8, "contact_person": "Daniel Bruch", "phone": "+421917117581", "email": "bruch@svf.sk", "competition_in_season": 13}}, {"model": "competitions.team", "pk": 102, "fields": {"name": "TJ Spartak Myjava", "city": 6, "contact_person": "Jaroslav Petrucha", "phone": "+421908267490", "email": "j.petrucha@centrum.cz", "competition_in_season": 13}}, {"model": "competitions.team", "pk": 103, "fields": {"name": "VK MTF Trnava", "city": 4, "contact_person": "Pavol Mančák", "phone": "+421915966089", "email": "hittrnava@gmail.com", "competition_in_season": 13}}, {"model": "competitions.team", "pk": 104, "fields": {"name": "VK Nové Mesto nad Váhom", "city": 7, "contact_person": "Juraj Šujan", "phone": "+421904847030", "email": "juraj.sujan@vknovemesto.sk", "competition_in_season": 13}}, {"model": "competitions.team", "pk": 105, "fields": {"name": "VK Slávia SPU Nitra", "city": 13, "contact_person": "Ľubomír Paška", "phone": "+421905226889", "email": "lupaska@gmail.com", "competition_in_season": 13}}, {"model": "competitions.team", "pk": 106, "fields": {"name": "VKP Bratislava", "city": 1, "contact_person": "Juraj Tiňo", "phone": "+421919024775", "email": "tinojuraj@gmail.com", "competition_in_season": 13}}, {"model": "competitions.team", "pk": 107, "fields": {"name": "HIT UCM Trnava", "city": 4, "contact_person": "Pavol Mančák", "phone": "+421915966089", "email": "hittrnava@gmail.com", "competition_in_season": 14}}, {"model": "competitions.team", "pk": 108, "fields": {"name": "MVK Stropkov", "city": 28, "contact_person": "Maroš Šturák", "phone": "+421907352951", "email": "maros112@gmail.com", "competition_in_season": 14}}, {"model": "competitions.team", "pk": 109, "fields": {"name": "Palas VK Levice", "city": 14, "contact_person": "Lukáš Lanča", "phone": "+421910204021", "email": "lukas.lanca@gmail.com", "competition_in_season": 14}}, {"model": "competitions.team", "pk": 110, "fields": {"name": "Slávia UK DRÁČIK Bratislava", "city": 1, "contact_person": "Vladimír Hančík", "phone": "+421905613908", "email": "slaviauk-volley@slovanet.sk", "competition_in_season": 14}}, {"model": "competitions.team", "pk": 111, "fields": {"name": "SŠŠ Volejbal Nitra", "city": 13, "contact_person": "Slavomír Huba", "phone": "+421917117580", "email": "slafkohubini@gmail.com", "competition_in_season": 14}}, {"model": "competitions.team", "pk": 112, "fields": {"name": "ŠK ELBA Prešov", "city": 25, "contact_person": "Imrich Olejník", "phone": "+421905748683", "email": "imrich.olejnik@gmail.com", "competition_in_season": 14}}, {"model": "competitions.team", "pk": 113, "fields": {"name": "ŠŠK Bilíkova Bratislava", "city": 1, "contact_person": "Róbert Hronský", "phone": "+421908755491", "email": "hronsky@vkpbratislava.sk", "competition_in_season": 14}}, {"model": "competitions.team", "pk": 114, "fields": {"name": "VK Nové Mesto nad Váhom", "city": 7, "contact_person": "Juraj Šujan", "phone": "+421904847030", "email": "juraj.sujan@vknovemesto.sk", "competition_in_season": 14}}, {"model": "competitions.team", "pk": 115, "fields": {"name": "VM Senica", "city": 5, "contact_person": "Ľubomír Pöštényi", "phone": "+421903236980", "email": "lubomir.postenyi@introplast.sk", "competition_in_season": 14}}, {"model": "competitions.team", "pk": 116, "fields": {"name": "Volley project UKF Nitra", "city": 13, "contact_person": "Ľuboš Červeň", "phone": "+421903471830", "email": "luboscerven@yahoo.com", "competition_in_season": 15}}, {"model": "competitions.team", "pk": 117, "fields": {"name": "SŠŠ Volejbal Trenčín", "city": 8, "contact_person": "Daniel Bruch", "phone": "+421917117581", "email": "bruch@svf.sk", "competition_in_season": 15}}, {"model": "competitions.team", "pk": 118, "fields": {"name": "TJ Spartak Myjava", "city": 6, "contact_person": "Jaroslav Petrucha", "phone": "+421908267490", "email": "j.petrucha@centrum.cz", "competition_in_season": 15}}, {"model": "competitions.team", "pk": 119, "fields": {"name": "VK MTF Trnava", "city": 4, "contact_person": "Pavol Mančák", "phone": "+421915966089", "email": "hittrnava@gmail.com", "competition_in_season": 15}}, {"model": "competitions.team", "pk": 120, "fields": {"name": "VK Nové Mesto nad Váhom", "city": 7, "contact_person": "Juraj Šujan", "phone": "+421904847030", "email": "juraj.sujan@vknovemesto.sk", "competition_in_season": 15}}, {"model": "competitions.team", "pk": 121, "fields": {"name": "VK Slávia SPU Nitra", "city": 13, "contact_person": "Ľubomír Paška", "phone": "+421905226889", "email": "lupaska@gmail.com", "competition_in_season": 15}}, {"model": "competitions.team", "pk": 122, "fields": {"name": "VKP Bratislava", "city": 1, "contact_person": "Juraj Tiňo", "phone": "+421919024775", "email": "tinojuraj@gmail.com", "competition_in_season": 15}}, {"model": "competitions.team", "pk": 123, "fields": {"name": "HIT UCM Trnava", "city": 4, "contact_person": "Pavol Mančák", "phone": "+421915966089", "email": "hittrnava@gmail.com", "competition_in_season": 16}}, {"model": "competitions.team", "pk": 124, "fields": {"name": "MVK Stropkov", "city": 28, "contact_person": "Maroš Šturák", "phone": "+421907352951", "email": "maros112@gmail.com", "competition_in_season": 16}}, {"model": "competitions.team", "pk": 125, "fields": {"name": "Palas VK Levice", "city": 14, "contact_person": "Lukáš Lanča", "phone": "+421910204021", "email": "lukas.lanca@gmail.com", "competition_in_season": 16}}, {"model": "competitions.team", "pk": 126, "fields": {"name": "Slávia UK DRÁČIK Bratislava", "city": 1, "contact_person": "Vladimír Hančík", "phone": "+421905613908", "email": "slaviauk-volley@slovanet.sk", "competition_in_season": 16}}, {"model": "competitions.team", "pk": 127, "fields": {"name": "SŠŠ Volejbal Nitra", "city": 13, "contact_person": "Slavomír Huba", "phone": "+421917117580", "email": "slafkohubini@gmail.com", "competition_in_season": 16}}, {"model": "competitions.team", "pk": 128, "fields": {"name": "ŠK ELBA Prešov", "city": 25, "contact_person": "Imrich Olejník", "phone": "+421905748683", "email": "imrich.olejnik@gmail.com", "competition_in_season": 16}}, {"model": "competitions.team", "pk": 129, "fields": {"name": "ŠŠK Bilíkova Bratislava", "city": 1, "contact_person": "Róbert Hronský", "phone": "+421908755491", "email": "hronsky@vkpbratislava.sk", "competition_in_season": 16}}, {"model": "competitions.team", "pk": 130, "fields": {"name": "VK Nové Mesto nad Váhom", "city": 7, "contact_person": "Juraj Šujan", "phone": "+421904847030", "email": "juraj.sujan@vknovemesto.sk", "competition_in_season": 16}}, {"model": "competitions.team", "pk": 131, "fields": {"name": "VM Senica", "city": 5, "contact_person": "Ľubomír Pöštényi", "phone": "+421903236980", "email": "lubomir.postenyi@introplast.sk", "competition_in_season": 16}}, {"model": "competitions.team", "pk": 132, "fields": {"name": "Rieker UJS Komárno", "city": 12, "contact_person": "Róbert Mihalička", "phone": "+421908136747", "email": "robert.mihalicka@zoznam.sk", "competition_in_season": 17}}, {"model": "competitions.team", "pk": 133, "fields": {"name": "TJ Slávia Svidník", "city": 27, "contact_person": "Rastislav Paňko", "phone": "+421903549256", "email": "pankorasto@gmail.com", "competition_in_season": 17}}, {"model": "competitions.team", "pk": 134, "fields": {"name": "TJ Spartak Myjava", "city": 6, "contact_person": "Jaroslav Petrucha", "phone": "+421908267490", "email": "j.petrucha@centrum.cz", "competition_in_season": 17}}, {"model": "competitions.team", "pk": 135, "fields": {"name": "VK MIRAD UNIPO Prešov", "city": 25, "contact_person": "Milan Kundľa", "phone": "+421907354049", "email": "milan.kundla@gmail.com", "competition_in_season": 17}}, {"model": "competitions.team", "pk": 136, "fields": {"name": "VKP FTVŠ UK Bratislava", "city": 1, "contact_person": "Juraj Tiňo", "phone": "+421919024775", "email": "tinojuraj@gmail.com", "competition_in_season": 17}}, {"model": "competitions.team", "pk": 137, "fields": {"name": "VK Slávia SPU Nitra", "city": 13, "contact_person": "Ľubomír Paška", "phone": "+421905226889", "email": "lupaska@gmail.com", "competition_in_season": 17}}, {"model": "competitions.team", "pk": 138, "fields": {"name": "ŠVK Tatran Banská Bystrica - Slovenská Ľupča", "city": 19, "contact_person": "Radovan Štrbavý", "phone": "+421905012252", "email": "radovan.strbavy@gmail.com", "competition_in_season": 17}}, {"model": "competitions.team", "pk": 139, "fields": {"name": "Hit UCM Trnava", "city": 4, "contact_person": "Pavol Mančák", "phone": "+421915966089", "email": "hittrnava@gmail.com", "competition_in_season": 18}}, {"model": "competitions.team", "pk": 140, "fields": {"name": "VK Spartak UJS Komárno", "city": 12, "contact_person": "Róbert Mihalička", "phone": "+421908136747", "email": "robert.mihalicka@zoznam.sk", "competition_in_season": 18}}, {"model": "competitions.team", "pk": 141, "fields": {"name": "ŠVK Pezinok", "city": 3, "contact_person": "Ladislav Popeláš", "phone": "+421907754377", "email": "selovica@gmail.com", "competition_in_season": 18}}, {"model": "competitions.team", "pk": 142, "fields": {"name": "VA UNIZA Žilina", "city": 10, "contact_person": "Dalibor Andrisík", "phone": "+421903666772", "email": "andrisik.dalibor@gmail.com", "competition_in_season": 18}}, {"model": "competitions.team", "pk": 143, "fields": {"name": "VK Nové Mesto nad Váhom", "city": 7, "contact_person": "Juraj Šujan", "phone": "+421904847030", "email": "juraj.sujan@vknovemesto.sk", "competition_in_season": 18}}, {"model": "competitions.team", "pk": 144, "fields": {"name": "VK Pirane Brusno", "city": 19, "contact_person": "Alexander Šabo", "phone": "+421911338969", "email": "alexander.sabo2@gmail.com", "competition_in_season": 18}}, {"model": "competitions.team", "pk": 145, "fields": {"name": "VK Prešov", "city": 25, "contact_person": "Imrich Olejník", "phone": "+421905748683", "email": "imrich.olejnik@gmail.com", "competition_in_season": 18}}, {"model": "competitions.team", "pk": 146, "fields": {"name": "Slávia Kooperativa EUBA", "city": 1, "contact_person": "Vladimír Hančík", "phone": "+421905613908", "email": "slaviauk-volley@slovanet.sk", "competition_in_season": 18}}, {"model": "competitions.team", "pk": 147, "fields": {"name": "VKP FTVŠ UK Bratislava", "city": 1, "contact_person": "Róbert Hronský", "phone": "+421908755491", "email": "hronsky@vkpbratislava.sk", "competition_in_season": 18}}, {"model": "competitions.team", "pk": 148, "fields": {"name": "Volley project UKF Nitra", "city": 13, "contact_person": "Ľuboš Červeň", "phone": "+421903471830", "email": "luboscerven@yahoo.com", "competition_in_season": 18}}, {"model": "competitions.team", "pk": 149, "fields": {"name": "MVK Zvolen", "city": 17, "contact_person": "Marek Rojík", "phone": "+421903359254", "email": "marek.rojik@mvkzvolen.sk", "competition_in_season": 19}}, {"model": "competitions.team", "pk": 150, "fields": {"name": "SŠŠ Volejbal Trenčín", "city": 8, "contact_person": "Daniel Bruch", "phone": "+421917117581", "email": "bruch@svf.sk", "competition_in_season": 19}}, {"model": "competitions.team", "pk": 151, "fields": {"name": "ŠK Lokomotiv Komjatice", "city": 15, "contact_person": "Filip Hajas", "phone": "+421950444322", "email": "filip.hajas@gmail.com", "competition_in_season": 19}}, {"model": "competitions.team", "pk": 152, "fields": {"name": "VK MTF Trnava", "city": 4, "contact_person": "Pavol Mančák", "phone": "+421915966089", "email": "hittrnava@gmail.com", "competition_in_season": 19}}, {"model": "competitions.team", "pk": 153, "fields": {"name": "VK Nové Mesto nad Váhom", "city": 7, "contact_person": "Juraj Šujan", "phone": "+421904847030", "email": "juraj.sujan@vknovemesto.sk", "competition_in_season": 19}}, {"model": "competitions.team", "pk": 154, "fields": {"name": "VK Spartak UJS Komárno", "city": 12, "contact_person": "Róbert Mihalička", "phone": "+421908136747", "email": "robert.mihalicka@zoznam.sk", "competition_in_season": 19}}, {"model": "competitions.team", "pk": 155, "fields": {"name": "VKM Stará Ľubovňa", "city": 23, "contact_person": "Marek Kseňák", "phone": "+421917291051", "email": "maximus791@gmail.com", "competition_in_season": 19}}, {"model": "competitions.team", "pk": 156, "fields": {"name": "VKP Bratislava", "city": 1, "contact_person": "Juraj Tiňo", "phone": "+421919024775", "email": "tinojuraj@gmail.com", "competition_in_season": 19}}, {"model": "competitions.team", "pk": 157, "fields": {"name": "VolleyTeam AC UNIZA Žilina", "city": 10, "contact_person": "Peter Minárik", "phone": "+421915832898", "email": "minarik.za@gmail.com", "competition_in_season": 19}}, {"model": "competitions.team", "pk": 158, "fields": {"name": "VolleyTeam Prievidza", "city": 11, "contact_person": "Milan Javorčík", "phone": "+421915833430", "email": "javorcik.mj@gmail.com", "competition_in_season": 19}}, {"model": "competitions.team", "pk": 159, "fields": {"name": "HIT UCM Trnava", "city": 4, "contact_person": "Pavol Mančák", "phone": "+421915966089", "email": "hittrnava@gmail.com", "competition_in_season": 20}}, {"model": "competitions.team", "pk": 160, "fields": {"name": "MŠK Žiar nad Hronom", "city": 16, "contact_person": "Alena Bieliková", "phone": "+421911655619", "email": "bielikova.alena@gmail.com", "competition_in_season": 20}}, {"model": "competitions.team", "pk": 161, "fields": {"name": "SŠŠ Volejbal Nitra", "city": 13, "contact_person": "Slavomír Huba", "phone": "+421917117580", "email": "slafkohubini@gmail.com", "competition_in_season": 20}}, {"model": "competitions.team", "pk": 162, "fields": {"name": "ŠK ELBA Prešov", "city": 25, "contact_person": "Imrich Olejník", "phone": "+421905748683", "email": "imrich.olejnik@gmail.com", "competition_in_season": 20}}, {"model": "competitions.team", "pk": 163, "fields": {"name": "ŠKM Liptovský Hrádok", "city": 20, "contact_person": "Vladimír Vyšný", "phone": "+421903523363", "email": "volejbal@alconet.sk", "competition_in_season": 20}}, {"model": "competitions.team", "pk": 164, "fields": {"name": "VK Iskra Hnúšťa", "city": 65, "contact_person": "Igor Pasiar", "phone": "+421905723902", "email": "pasiar.igor@gmail.com", "competition_in_season": 20}}, {"model": "competitions.team", "pk": 165, "fields": {"name": "Volley project UKF Nitra", "city": 13, "contact_person": "Ľuboš Červeň", "phone": "+421903471830", "email": "luboscerven@yahoo.com", "competition_in_season": 20}}, {"model": "competitions.team", "pk": 166, "fields": {"name": "SŠŠ Volejbal Trenčín", "city": 8, "contact_person": "Daniel Bruch", "phone": "+421917117581", "email": "bruch@svf.sk", "competition_in_season": 21}}, {"model": "competitions.team", "pk": 167, "fields": {"name": "TJ Spartak Myjava", "city": 6, "contact_person": "Jaroslav Petrucha", "phone": "+421908267490", "email": "j.petrucha@centrum.cz", "competition_in_season": 21}}, {"model": "competitions.team", "pk": 168, "fields": {"name": "VK MTF Trnava", "city": 4, "contact_person": "Pavol Mančák", "phone": "+421915966089", "email": "hittrnava@gmail.com", "competition_in_season": 21}}, {"model": "competitions.team", "pk": 169, "fields": {"name": "VK Nové Mesto nad Váhom", "city": 7, "contact_person": "Juraj Šujan", "phone": "+421904847030", "email": "juraj.sujan@vknovemesto.sk", "competition_in_season": 21}}, {"model": "competitions.team", "pk": 170, "fields": {"name": "VK Slávia SPU Nitra", "city": 13, "contact_person": "Ľubomír Paška", "phone": "+421905226889", "email": "lupaska@gmail.com", "competition_in_season": 21}}, {"model": "competitions.team", "pk": 171, "fields": {"name": "VKP Bratislava", "city": 1, "contact_person": "Juraj Tiňo", "phone": "+421919024775", "email": "tinojuraj@gmail.com", "competition_in_season": 21}}, {"model": "competitions.team", "pk": 172, "fields": {"name": "HIT UCM Trnava", "city": 4, "contact_person": "Pavol Mančák", "phone": "+421915966089", "email": "hittrnava@gmail.com", "competition_in_season": 22}}, {"model": "competitions.team", "pk": 173, "fields": {"name": "MVK Stropkov", "city": 28, "contact_person": "Maroš Šturák", "phone": "+421907352951", "email": "maros112@gmail.com", "competition_in_season": 22}}, {"model": "competitions.team", "pk": 174, "fields": {"name": "Palas VK Levice", "city": 14, "contact_person": "Lukáš Lanča", "phone": "+421910204021", "email": "lukas.lanca@gmail.com", "competition_in_season": 22}}, {"model": "competitions.team", "pk": 175, "fields": {"name": "Slávia UK DRÁČIK Bratislava", "city": 1, "contact_person": "Vladimír Hančík", "phone": "+421905613908", "email": "slaviauk-volley@slovanet.sk", "competition_in_season": 22}}, {"model": "competitions.team", "pk": 176, "fields": {"name": "SŠŠ Volejbal Nitra", "city": 13, "contact_person": "Slavomír Huba", "phone": "+421917117580", "email": "slafkohubini@gmail.com", "competition_in_season": 22}}, {"model": "competitions.team", "pk": 177, "fields": {"name": "ŠK ELBA Prešov", "city": 25, "contact_person": "Imrich Olejník", "phone": "+421905748683", "email": "imrich.olejnik@gmail.com", "competition_in_season": 22}}, {"model": "competitions.team", "pk": 178, "fields": {"name": "ŠŠK Bilíkova Bratislava", "city": 1, "contact_person": "Róbert Hronský", "phone": "+421908755491", "email": "hronsky@vkpbratislava.sk", "competition_in_season": 22}}, {"model": "competitions.team", "pk": 179, "fields": {"name": "VK Nové Mesto nad Váhom", "city": 7, "contact_person": "Juraj Šujan", "phone": "+421904847030", "email": "juraj.sujan@vknovemesto.sk", "competition_in_season": 22}}, {"model": "competitions.team", "pk": 180, "fields": {"name": "VM Senica", "city": 5, "contact_person": "Ľubomír Pöštényi", "phone": "+421903236980", "email": "lubomir.postenyi@introplast.sk", "competition_in_season": 22}}, {"model": "competitions.team", "pk": 181, "fields": {"name": "Volley project UKF Nitra", "city": 13, "contact_person": "Ľuboš Červeň", "phone": "+421903471830", "email": "luboscerven@yahoo.com", "competition_in_season": 23}}, {"model": "competitions.team", "pk": 182, "fields": {"name": "SŠŠ Volejbal Trenčín", "city": 8, "contact_person": "Daniel Bruch", "phone": "+421917117581", "email": "bruch@svf.sk", "competition_in_season": 23}}, {"model": "competitions.team", "pk": 183, "fields": {"name": "TJ Spartak Myjava", "city": 6, "contact_person": "Jaroslav Petrucha", "phone": "+421908267490", "email": "j.petrucha@centrum.cz", "competition_in_season": 23}}, {"model": "competitions.team", "pk": 184, "fields": {"name": "VK MTF Trnava", "city": 4, "contact_person": "Pavol Mančák", "phone": "+421915966089", "email": "hittrnava@gmail.com", "competition_in_season": 23}}, {"model": "competitions.team", "pk": 185, "fields": {"name": "VK Nové Mesto nad Váhom", "city": 7, "contact_person": "Juraj Šujan", "phone": "+421904847030", "email": "juraj.sujan@vknovemesto.sk", "competition_in_season": 23}}, {"model": "competitions.team", "pk": 186, "fields": {"name": "VK Slávia SPU Nitra", "city": 13, "contact_person": "Ľubomír Paška", "phone": "+421905226889", "email": "lupaska@gmail.com", "competition_in_season": 23}}, {"model": "competitions.team", "pk": 187, "fields": {"name": "VKP Bratislava", "city": 1, "contact_person": "Juraj Tiňo", "phone": "+421919024775", "email": "tinojuraj@gmail.com", "competition_in_season": 23}}, {"model": "competitions.team", "pk": 188, "fields": {"name": "HIT UCM Trnava", "city": 4, "contact_person": "Pavol Mančák", "phone": "+421915966089", "email": "hittrnava@gmail.com", "competition_in_season": 24}}, {"model": "competitions.team", "pk": 189, "fields": {"name": "MVK Stropkov", "city": 28, "contact_person": "Maroš Šturák", "phone": "+421907352951", "email": "maros112@gmail.com", "competition_in_season": 24}}, {"model": "competitions.team", "pk": 190, "fields": {"name": "Palas VK Levice", "city": 14, "contact_person": "Lukáš Lanča", "phone": "+421910204021", "email": "lukas.lanca@gmail.com", "competition_in_season": 24}}, {"model": "competitions.team", "pk": 191, "fields": {"name": "Slávia UK DRÁČIK Bratislava", "city": 1, "contact_person": "Vladimír Hančík", "phone": "+421905613908", "email": "slaviauk-volley@slovanet.sk", "competition_in_season": 24}}, {"model": "competitions.team", "pk": 192, "fields": {"name": "SŠŠ Volejbal Nitra", "city": 13, "contact_person": "Slavomír Huba", "phone": "+421917117580", "email": "slafkohubini@gmail.com", "competition_in_season": 24}}, {"model": "competitions.team", "pk": 193, "fields": {"name": "ŠK ELBA Prešov", "city": 25, "contact_person": "Imrich Olejník", "phone": "+421905748683", "email": "imrich.olejnik@gmail.com", "competition_in_season": 24}}, {"model": "competitions.team", "pk": 194, "fields": {"name": "ŠŠK Bilíkova Bratislava", "city": 1, "contact_person": "Róbert Hronský", "phone": "+421908755491", "email": "hronsky@vkpbratislava.sk", "competition_in_season": 24}}, {"model": "competitions.team", "pk": 195, "fields": {"name": "VK Nové Mesto nad Váhom", "city": 7, "contact_person": "Juraj Šujan", "phone": "+421904847030", "email": "juraj.sujan@vknovemesto.sk", "competition_in_season": 24}}, {"model": "competitions.team", "pk": 196, "fields": {"name": "VM Senica", "city": 5, "contact_person": "Ľubomír Pöštényi", "phone": "+421903236980", "email": "lubomir.postenyi@introplast.sk", "competition_in_season": 24}}, {"model": "competitions.match", "pk": 1, "fields": {"code": "EM1", "competition_in_season": 1, "home_team": 2, "away_team": 7, "date_time": "2022-09-24T18:00:00", "city": 12}}, {"model": "competitions.match", "pk": 2, "fields": {"code": "EM2", "competition_in_season": 1, "home_team": 3, "away_team": 6, "date_time": "2022-09-24T18:00:00", "city": 27}}, {"model": "competitions.match", "pk": 3, "fields": {"code": "EM3", "competition_in_season": 1, "home_team": 4, "away_team": 5, "date_time": "2022-09-24T18:00:00", "city": 6}}, {"model": "competitions.match", "pk": 4, "fields": {"code": "EM4", "competition_in_season": 1, "home_team": 6, "away_team": 4, "date_time": "2022-10-01T18:00:00", "city": 1}}, {"model": "competitions.match", "pk": 5, "fields": {"code": "EM5", "competition_in_season": 1, "home_team": 7, "away_team": 3, "date_time": "2022-10-01T18:00:00", "city": 11}}, {"model": "competitions.match", "pk": 6, "fields": {"code": "EM6", "competition_in_season": 1, "home_team": 1, "away_team": 2, "date_time": "2022-10-01T18:00:00", "city": 8}}, {"model": "competitions.match", "pk": 7, "fields": {"code": "EM7", "competition_in_season": 1, "home_team": 3, "away_team": 1, "date_time": "2022-10-08T18:00:00", "city": 27}}, {"model": "competitions.match", "pk": 8, "fields": {"code": "EM8", "competition_in_season": 1, "home_team": 4, "away_team": 7, "date_time": "2022-10-08T18:00:00", "city": 6}}, {"model": "competitions.match", "pk": 9, "fields": {"code": "EM9", "competition_in_season": 1, "home_team": 5, "away_team": 6, "date_time": "2022-10-08T18:00:00", "city": 25}}, {"model": "competitions.match", "pk": 10, "fields": {"code": "EM10", "competition_in_season": 1, "home_team": 7, "away_team": 5, "date_time": "2022-10-15T18:00:00", "city": 11}}, {"model": "competitions.match", "pk": 11, "fields": {"code": "EM11", "competition_in_season": 1, "home_team": 1, "away_team": 4, "date_time": "2022-10-15T18:00:00", "city": 8}}, {"model": "competitions.match", "pk": 12, "fields": {"code": "EM12", "competition_in_season": 1, "home_team": 2, "away_team": 3, "date_time": "2022-10-15T18:00:00", "city": 12}}, {"model": "competitions.match", "pk": 13, "fields": {"code": "EM13", "competition_in_season": 1, "home_team": 4, "away_team": 2, "date_time": "2022-10-22T18:00:00", "city": 6}}, {"model": "competitions.match", "pk": 14, "fields": {"code": "EM14", "competition_in_season": 1, "home_team": 5, "away_team": 1, "date_time": "2022-10-22T18:00:00", "city": 25}}, {"model": "competitions.match", "pk": 15, "fields": {"code": "EM15", "competition_in_season": 1, "home_team": 6, "away_team": 7, "date_time": "2022-10-22T18:00:00", "city": 1}}, {"model": "competitions.match", "pk": 16, "fields": {"code": "EM16", "competition_in_season": 1, "home_team": 1, "away_team": 6, "date_time": "2022-10-29T18:00:00", "city": 8}}, {"model": "competitions.match", "pk": 17, "fields": {"code": "EM17", "competition_in_season": 1, "home_team": 2, "away_team": 5, "date_time": "2022-10-29T18:00:00", "city": 12}}, {"model": "competitions.match", "pk": 18, "fields": {"code": "EM18", "competition_in_season": 1, "home_team": 3, "away_team": 4, "date_time": "2022-10-29T18:00:00", "city": 27}}, {"model": "competitions.match", "pk": 19, "fields": {"code": "EM19", "competition_in_season": 1, "home_team": 5, "away_team": 3, "date_time": "2022-11-05T18:00:00", "city": 25}}, {"model": "competitions.match", "pk": 20, "fields": {"code": "EM20", "competition_in_season": 1, "home_team": 6, "away_team": 2, "date_time": "2022-11-05T18:00:00", "city": 1}}, {"model": "competitions.match", "pk": 21, "fields": {"code": "EM21", "competition_in_season": 1, "home_team": 7, "away_team": 1, "date_time": "2022-11-05T18:00:00", "city": 11}}, {"model": "competitions.match", "pk": 22, "fields": {"code": "EW1", "competition_in_season": 2, "home_team": 8, "away_team": 10, "date_time": "2022-09-24T18:00:00", "city": 4}}, {"model": "competitions.match", "pk": 23, "fields": {"code": "EW2", "competition_in_season": 2, "home_team": 9, "away_team": 17, "date_time": "2022-09-24T18:00:00", "city": 13}}, {"model": "competitions.match", "pk": 24, "fields": {"code": "EW3", "competition_in_season": 2, "home_team": 11, "away_team": 16, "date_time": "2022-09-24T18:00:00", "city": 10}}, {"model": "competitions.match", "pk": 25, "fields": {"code": "EW4", "competition_in_season": 2, "home_team": 12, "away_team": 15, "date_time": "2022-09-24T18:00:00", "city": 7}}, {"model": "competitions.match", "pk": 26, "fields": {"code": "EW5", "competition_in_season": 2, "home_team": 13, "away_team": 14, "date_time": "2022-09-24T18:00:00", "city": 19}}, {"model": "competitions.match", "pk": 27, "fields": {"code": "EW6", "competition_in_season": 2, "home_team": 10, "away_team": 14, "date_time": "2022-10-01T18:00:00", "city": 3}}, {"model": "competitions.match", "pk": 28, "fields": {"code": "EW7", "competition_in_season": 2, "home_team": 15, "away_team": 13, "date_time": "2022-10-01T18:00:00", "city": 1}}, {"model": "competitions.match", "pk": 29, "fields": {"code": "EW8", "competition_in_season": 2, "home_team": 16, "away_team": 12, "date_time": "2022-10-01T18:00:00", "city": 1}}, {"model": "competitions.match", "pk": 30, "fields": {"code": "EW9", "competition_in_season": 2, "home_team": 17, "away_team": 11, "date_time": "2022-10-01T18:00:00", "city": 13}}, {"model": "competitions.match", "pk": 31, "fields": {"code": "EW10", "competition_in_season": 2, "home_team": 8, "away_team": 9, "date_time": "2022-10-01T18:00:00", "city": 4}}, {"model": "competitions.match", "pk": 32, "fields": {"code": "EW11", "competition_in_season": 2, "home_team": 9, "away_team": 10, "date_time": "2022-10-08T18:00:00", "city": 13}}, {"model": "competitions.match", "pk": 33, "fields": {"code": "EW12", "competition_in_season": 2, "home_team": 11, "away_team": 8, "date_time": "2022-10-08T18:00:00", "city": 10}}, {"model": "competitions.match", "pk": 34, "fields": {"code": "EW13", "competition_in_season": 2, "home_team": 12, "away_team": 17, "date_time": "2022-10-08T18:00:00", "city": 7}}, {"model": "competitions.match", "pk": 35, "fields": {"code": "EW14", "competition_in_season": 2, "home_team": 13, "away_team": 16, "date_time": "2022-10-08T18:00:00", "city": 19}}, {"model": "competitions.match", "pk": 36, "fields": {"code": "EW15", "competition_in_season": 2, "home_team": 14, "away_team": 15, "date_time": "2022-10-08T18:00:00", "city": 25}}, {"model": "competitions.match", "pk": 37, "fields": {"code": "EW16", "competition_in_season": 2, "home_team": 10, "away_team": 15, "date_time": "2022-10-15T18:00:00", "city": 3}}, {"model": "competitions.match", "pk": 38, "fields": {"code": "EW17", "competition_in_season": 2, "home_team": 16, "away_team": 14, "date_time": "2022-10-15T18:00:00", "city": 1}}, {"model": "competitions.match", "pk": 39, "fields": {"code": "EW18", "competition_in_season": 2, "home_team": 17, "away_team": 13, "date_time": "2022-10-15T18:00:00", "city": 13}}, {"model": "competitions.match", "pk": 40, "fields": {"code": "EW19", "competition_in_season": 2, "home_team": 8, "away_team": 12, "date_time": "2022-10-15T18:00:00", "city": 4}}, {"model": "competitions.match", "pk": 41, "fields": {"code": "EW20", "competition_in_season": 2, "home_team": 9, "away_team": 11, "date_time": "2022-10-15T18:00:00", "city": 13}}, {"model": "competitions.match", "pk": 42, "fields": {"code": "EW21", "competition_in_season": 2, "home_team": 11, "away_team": 10, "date_time": "2022-10-22T18:00:00", "city": 10}}, {"model": "competitions.match", "pk": 43, "fields": {"code": "EW22", "competition_in_season": 2, "home_team": 12, "away_team": 9, "date_time": "2022-10-22T18:00:00", "city": 7}}, {"model": "competitions.match", "pk": 44, "fields": {"code": "EW23", "competition_in_season": 2, "home_team": 13, "away_team": 8, "date_time": "2022-10-22T18:00:00", "city": 19}}, {"model": "competitions.match", "pk": 45, "fields": {"code": "EW24", "competition_in_season": 2, "home_team": 14, "away_team": 17, "date_time": "2022-10-22T18:00:00", "city": 25}}, {"model": "competitions.match", "pk": 46, "fields": {"code": "EW25", "competition_in_season": 2, "home_team": 15, "away_team": 16, "date_time": "2022-10-22T18:00:00", "city": 1}}, {"model": "competitions.match", "pk": 47, "fields": {"code": "EW26", "competition_in_season": 2, "home_team": 10, "away_team": 16, "date_time": "2022-10-29T18:00:00", "city": 3}}, {"model": "competitions.match", "pk": 48, "fields": {"code": "EW27", "competition_in_season": 2, "home_team": 17, "away_team": 15, "date_time": "2022-10-29T18:00:00", "city": 13}}, {"model": "competitions.match", "pk": 49, "fields": {"code": "EW28", "competition_in_season": 2, "home_team": 8, "away_team": 14, "date_time": "2022-10-29T18:00:00", "city": 4}}, {"model": "competitions.match", "pk": 50, "fields": {"code": "EW29", "competition_in_season": 2, "home_team": 9, "away_team": 13, "date_time": "2022-10-29T18:00:00", "city": 13}}, {"model": "competitions.match", "pk": 51, "fields": {"code": "EW30", "competition_in_season": 2, "home_team": 11, "away_team": 12, "date_time": "2022-10-29T18:00:00", "city": 10}}, {"model": "competitions.match", "pk": 52, "fields": {"code": "EW31", "competition_in_season": 2, "home_team": 12, "away_team": 10, "date_time": "2022-11-05T18:00:00", "city": 7}}, {"model": "competitions.match", "pk": 53, "fields": {"code": "EW32", "competition_in_season": 2, "home_team": 13, "away_team": 11, "date_time": "2022-11-05T18:00:00", "city": 19}}, {"model": "competitions.match", "pk": 54, "fields": {"code": "EW33", "competition_in_season": 2, "home_team": 14, "away_team": 9, "date_time": "2022-11-05T18:00:00", "city": 25}}, {"model": "competitions.match", "pk": 55, "fields": {"code": "EW34", "competition_in_season": 2, "home_team": 15, "away_team": 8, "date_time": "2022-11-05T18:00:00", "city": 1}}, {"model": "competitions.match", "pk": 56, "fields": {"code": "EW35", "competition_in_season": 2, "home_team": 16, "away_team": 17, "date_time": "2022-11-05T18:00:00", "city": 1}}, {"model": "competitions.match", "pk": 57, "fields": {"code": "EW36", "competition_in_season": 2, "home_team": 10, "away_team": 17, "date_time": "2022-11-12T18:00:00", "city": 3}}, {"model": "competitions.match", "pk": 58, "fields": {"code": "EW37", "competition_in_season": 2, "home_team": 8, "away_team": 16, "date_time": "2022-11-12T18:00:00", "city": 4}}, {"model": "competitions.match", "pk": 59, "fields": {"code": "EW38", "competition_in_season": 2, "home_team": 9, "away_team": 15, "date_time": "2022-11-12T18:00:00", "city": 13}}, {"model": "competitions.match", "pk": 60, "fields": {"code": "EW39", "competition_in_season": 2, "home_team": 11, "away_team": 14, "date_time": "2022-11-12T18:00:00", "city": 10}}, {"model": "competitions.match", "pk": 61, "fields": {"code": "EW40", "competition_in_season": 2, "home_team": 12, "away_team": 13, "date_time": "2022-11-12T18:00:00", "city": 7}}, {"model": "competitions.match", "pk": 62, "fields": {"code": "EW41", "competition_in_season": 2, "home_team": 13, "away_team": 10, "date_time": "2022-11-19T18:00:00", "city": 19}}, {"model": "competitions.match", "pk": 63, "fields": {"code": "EW42", "competition_in_season": 2, "home_team": 14, "away_team": 12, "date_time": "2022-11-19T18:00:00", "city": 25}}, {"model": "competitions.match", "pk": 64, "fields": {"code": "EW43", "competition_in_season": 2, "home_team": 15, "away_team": 11, "date_time": "2022-11-19T18:00:00", "city": 1}}, {"model": "competitions.match", "pk": 65, "fields": {"code": "EW44", "competition_in_season": 2, "home_team": 16, "away_team": 9, "date_time": "2022-11-19T18:00:00", "city": 1}}, {"model": "competitions.match", "pk": 66, "fields": {"code": "EW45", "competition_in_season": 2, "home_team": 17, "away_team": 8, "date_time": "2022-11-19T18:00:00", "city": 13}}, {"model": "competitions.match", "pk": 67, "fields": {"code": "1M1", "competition_in_season": 3, "home_team": 18, "away_team": 20, "date_time": "2022-09-24T18:00:00", "city": 17}}, {"model": "competitions.match", "pk": 68, "fields": {"code": "1M2", "competition_in_season": 3, "home_team": 19, "away_team": 27, "date_time": "2022-09-24T18:00:00", "city": 8}}, {"model": "competitions.match", "pk": 69, "fields": {"code": "1M3", "competition_in_season": 3, "home_team": 21, "away_team": 26, "date_time": "2022-09-24T18:00:00", "city": 4}}, {"model": "competitions.match", "pk": 70, "fields": {"code": "1M4", "competition_in_season": 3, "home_team": 22, "away_team": 25, "date_time": "2022-09-24T18:00:00", "city": 7}}, {"model": "competitions.match", "pk": 71, "fields": {"code": "1M5", "competition_in_season": 3, "home_team": 23, "away_team": 24, "date_time": "2022-09-24T18:00:00", "city": 12}}, {"model": "competitions.match", "pk": 72, "fields": {"code": "1M6", "competition_in_season": 3, "home_team": 20, "away_team": 24, "date_time": "2022-10-01T18:00:00", "city": 15}}, {"model": "competitions.match", "pk": 73, "fields": {"code": "1M7", "competition_in_season": 3, "home_team": 25, "away_team": 23, "date_time": "2022-10-01T18:00:00", "city": 1}}, {"model": "competitions.match", "pk": 74, "fields": {"code": "1M8", "competition_in_season": 3, "home_team": 26, "away_team": 22, "date_time": "2022-10-01T18:00:00", "city": 10}}, {"model": "competitions.match", "pk": 75, "fields": {"code": "1M9", "competition_in_season": 3, "home_team": 27, "away_team": 21, "date_time": "2022-10-01T18:00:00", "city": 11}}, {"model": "competitions.match", "pk": 76, "fields": {"code": "1M10", "competition_in_season": 3, "home_team": 18, "away_team": 19, "date_time": "2022-10-01T18:00:00", "city": 17}}, {"model": "competitions.match", "pk": 77, "fields": {"code": "1M11", "competition_in_season": 3, "home_team": 19, "away_team": 20, "date_time": "2022-10-08T18:00:00", "city": 8}}, {"model": "competitions.match", "pk": 78, "fields": {"code": "1M12", "competition_in_season": 3, "home_team": 21, "away_team": 18, "date_time": "2022-10-08T18:00:00", "city": 4}}, {"model": "competitions.match", "pk": 79, "fields": {"code": "1M13", "competition_in_season": 3, "home_team": 22, "away_team": 27, "date_time": "2022-10-08T18:00:00", "city": 7}}, {"model": "competitions.match", "pk": 80, "fields": {"code": "1M14", "competition_in_season": 3, "home_team": 23, "away_team": 26, "date_time": "2022-10-08T18:00:00", "city": 12}}, {"model": "competitions.match", "pk": 81, "fields": {"code": "1M15", "competition_in_season": 3, "home_team": 24, "away_team": 25, "date_time": "2022-10-08T18:00:00", "city": 23}}, {"model": "competitions.match", "pk": 82, "fields": {"code": "1M16", "competition_in_season": 3, "home_team": 20, "away_team": 25, "date_time": "2022-10-15T18:00:00", "city": 15}}, {"model": "competitions.match", "pk": 83, "fields": {"code": "1M17", "competition_in_season": 3, "home_team": 26, "away_team": 24, "date_time": "2022-10-15T18:00:00", "city": 10}}, {"model": "competitions.match", "pk": 84, "fields": {"code": "1M18", "competition_in_season": 3, "home_team": 27, "away_team": 23, "date_time": "2022-10-15T18:00:00", "city": 11}}, {"model": "competitions.match", "pk": 85, "fields": {"code": "1M19", "competition_in_season": 3, "home_team": 18, "away_team": 22, "date_time": "2022-10-15T18:00:00", "city": 17}}, {"model": "competitions.match", "pk": 86, "fields": {"code": "1M20", "competition_in_season": 3, "home_team": 19, "away_team": 21, "date_time": "2022-10-15T18:00:00", "city": 8}}, {"model": "competitions.match", "pk": 87, "fields": {"code": "1M21", "competition_in_season": 3, "home_team": 21, "away_team": 20, "date_time": "2022-10-22T18:00:00", "city": 4}}, {"model": "competitions.match", "pk": 88, "fields": {"code": "1M22", "competition_in_season": 3, "home_team": 22, "away_team": 19, "date_time": "2022-10-22T18:00:00", "city": 7}}, {"model": "competitions.match", "pk": 89, "fields": {"code": "1M23", "competition_in_season": 3, "home_team": 23, "away_team": 18, "date_time": "2022-10-22T18:00:00", "city": 12}}, {"model": "competitions.match", "pk": 90, "fields": {"code": "1M24", "competition_in_season": 3, "home_team": 24, "away_team": 27, "date_time": "2022-10-22T18:00:00", "city": 23}}, {"model": "competitions.match", "pk": 91, "fields": {"code": "1M25", "competition_in_season": 3, "home_team": 25, "away_team": 26, "date_time": "2022-10-22T18:00:00", "city": 1}}, {"model": "competitions.match", "pk": 92, "fields": {"code": "1M26", "competition_in_season": 3, "home_team": 20, "away_team": 26, "date_time": "2022-10-29T18:00:00", "city": 15}}, {"model": "competitions.match", "pk": 93, "fields": {"code": "1M27", "competition_in_season": 3, "home_team": 27, "away_team": 25, "date_time": "2022-10-29T18:00:00", "city": 11}}, {"model": "competitions.match", "pk": 94, "fields": {"code": "1M28", "competition_in_season": 3, "home_team": 18, "away_team": 24, "date_time": "2022-10-29T18:00:00", "city": 17}}, {"model": "competitions.match", "pk": 95, "fields": {"code": "1M29", "competition_in_season": 3, "home_team": 19, "away_team": 23, "date_time": "2022-10-29T18:00:00", "city": 8}}, {"model": "competitions.match", "pk": 96, "fields": {"code": "1M30", "competition_in_season": 3, "home_team": 21, "away_team": 22, "date_time": "2022-10-29T18:00:00", "city": 4}}, {"model": "competitions.match", "pk": 97, "fields": {"code": "1M31", "competition_in_season": 3, "home_team": 22, "away_team": 20, "date_time": "2022-11-05T18:00:00", "city": 7}}, {"model": "competitions.match", "pk": 98, "fields": {"code": "1M32", "competition_in_season": 3, "home_team": 23, "away_team": 21, "date_time": "2022-11-05T18:00:00", "city": 12}}, {"model": "competitions.match", "pk": 99, "fields": {"code": "1M33", "competition_in_season": 3, "home_team": 24, "away_team": 19, "date_time": "2022-11-05T18:00:00", "city": 23}}, {"model": "competitions.match", "pk": 100, "fields": {"code": "1M34", "competition_in_season": 3, "home_team": 25, "away_team": 18, "date_time": "2022-11-05T18:00:00", "city": 1}}, {"model": "competitions.match", "pk": 101, "fields": {"code": "1M35", "competition_in_season": 3, "home_team": 26, "away_team": 27, "date_time": "2022-11-05T18:00:00", "city": 10}}, {"model": "competitions.match", "pk": 102, "fields": {"code": "1M36", "competition_in_season": 3, "home_team": 20, "away_team": 27, "date_time": "2022-11-12T18:00:00", "city": 15}}, {"model": "competitions.match", "pk": 103, "fields": {"code": "1M37", "competition_in_season": 3, "home_team": 18, "away_team": 26, "date_time": "2022-11-12T18:00:00", "city": 17}}, {"model": "competitions.match", "pk": 104, "fields": {"code": "1M38", "competition_in_season": 3, "home_team": 19, "away_team": 25, "date_time": "2022-11-12T18:00:00", "city": 8}}, {"model": "competitions.match", "pk": 105, "fields": {"code": "1M39", "competition_in_season": 3, "home_team": 21, "away_team": 24, "date_time": "2022-11-12T18:00:00", "city": 4}}, {"model": "competitions.match", "pk": 106, "fields": {"code": "1M40", "competition_in_season": 3, "home_team": 22, "away_team": 23, "date_time": "2022-11-12T18:00:00", "city": 7}}, {"model": "competitions.match", "pk": 107, "fields": {"code": "1M41", "competition_in_season": 3, "home_team": 23, "away_team": 20, "date_time": "2022-11-19T18:00:00", "city": 12}}, {"model": "competitions.match", "pk": 108, "fields": {"code": "1M42", "competition_in_season": 3, "home_team": 24, "away_team": 22, "date_time": "2022-11-19T18:00:00", "city": 23}}, {"model": "competitions.match", "pk": 109, "fields": {"code": "1M43", "competition_in_season": 3, "home_team": 25, "away_team": 21, "date_time": "2022-11-19T18:00:00", "city": 1}}, {"model": "competitions.match", "pk": 110, "fields": {"code": "1M44", "competition_in_season": 3, "home_team": 26, "away_team": 19, "date_time": "2022-11-19T18:00:00", "city": 10}}, {"model": "competitions.match", "pk": 111, "fields": {"code": "1M45", "competition_in_season": 3, "home_team": 27, "away_team": 18, "date_time": "2022-11-19T18:00:00", "city": 11}}, {"model": "competitions.match", "pk": 112, "fields": {"code": "1W1", "competition_in_season": 4, "home_team": 29, "away_team": 32, "date_time": "2022-09-24T18:00:00", "city": 16}}, {"model": "competitions.match", "pk": 113, "fields": {"code": "1W2", "competition_in_season": 4, "home_team": 30, "away_team": 31, "date_time": "2022-09-24T18:00:00", "city": 13}}, {"model": "competitions.match", "pk": 114, "fields": {"code": "1W3", "competition_in_season": 4, "home_team": 33, "away_team": 34, "date_time": "2022-09-24T18:00:00", "city": 65}}, {"model": "competitions.match", "pk": 115, "fields": {"code": "1W4", "competition_in_season": 4, "home_team": 31, "away_team": 33, "date_time": "2022-10-01T18:00:00", "city": 25}}, {"model": "competitions.match", "pk": 116, "fields": {"code": "1W5", "competition_in_season": 4, "home_team": 32, "away_team": 30, "date_time": "2022-10-01T18:00:00", "city": 20}}, {"model": "competitions.match", "pk": 117, "fields": {"code": "1W6", "competition_in_season": 4, "home_team": 28, "away_team": 29, "date_time": "2022-10-01T18:00:00", "city": 4}}, {"model": "competitions.match", "pk": 118, "fields": {"code": "1W7", "competition_in_season": 4, "home_team": 30, "away_team": 28, "date_time": "2022-10-08T18:00:00", "city": 13}}, {"model": "competitions.match", "pk": 119, "fields": {"code": "1W8", "competition_in_season": 4, "home_team": 33, "away_team": 32, "date_time": "2022-10-08T18:00:00", "city": 65}}, {"model": "competitions.match", "pk": 120, "fields": {"code": "1W9", "competition_in_season": 4, "home_team": 34, "away_team": 31, "date_time": "2022-10-08T18:00:00", "city": 13}}, {"model": "competitions.match", "pk": 121, "fields": {"code": "1W10", "competition_in_season": 4, "home_team": 32, "away_team": 34, "date_time": "2022-10-15T18:00:00", "city": 20}}, {"model": "competitions.match", "pk": 122, "fields": {"code": "1W11", "competition_in_season": 4, "home_team": 28, "away_team": 33, "date_time": "2022-10-15T18:00:00", "city": 4}}, {"model": "competitions.match", "pk": 123, "fields": {"code": "1W12", "competition_in_season": 4, "home_team": 29, "away_team": 30, "date_time": "2022-10-15T18:00:00", "city": 16}}, {"model": "competitions.match", "pk": 124, "fields": {"code": "1W13", "competition_in_season": 4, "home_team": 33, "away_team": 29, "date_time": "2022-10-22T18:00:00", "city": 65}}, {"model": "competitions.match", "pk": 125, "fields": {"code": "1W14", "competition_in_season": 4, "home_team": 34, "away_team": 28, "date_time": "2022-10-22T18:00:00", "city": 13}}, {"model": "competitions.match", "pk": 126, "fields": {"code": "1W15", "competition_in_season": 4, "home_team": 31, "away_team": 32, "date_time": "2022-10-22T18:00:00", "city": 25}}, {"model": "competitions.match", "pk": 127, "fields": {"code": "1W16", "competition_in_season": 4, "home_team": 28, "away_team": 31, "date_time": "2022-10-29T18:00:00", "city": 4}}, {"model": "competitions.match", "pk": 128, "fields": {"code": "1W17", "competition_in_season": 4, "home_team": 29, "away_team": 34, "date_time": "2022-10-29T18:00:00", "city": 16}}, {"model": "competitions.match", "pk": 129, "fields": {"code": "1W18", "competition_in_season": 4, "home_team": 30, "away_team": 33, "date_time": "2022-10-29T18:00:00", "city": 13}}, {"model": "competitions.match", "pk": 130, "fields": {"code": "1W19", "competition_in_season": 4, "home_team": 34, "away_team": 30, "date_time": "2022-11-05T18:00:00", "city": 13}}, {"model": "competitions.match", "pk": 131, "fields": {"code": "1W20", "competition_in_season": 4, "home_team": 31, "away_team": 29, "date_time": "2022-11-05T18:00:00", "city": 25}}, {"model": "competitions.match", "pk": 132, "fields": {"code": "1W21", "competition_in_season": 4, "home_team": 32, "away_team": 28, "date_time": "2022-11-05T18:00:00", "city": 20}}, {"model": "competitions.match", "pk": 133, "fields": {"code": "1JB1", "competition_in_season": 5, "home_team": 35, "away_team": 40, "date_time": "2022-09-24T18:00:00", "city": 8}}, {"model": "competitions.match", "pk": 134, "fields": {"code": "1JB2", "competition_in_season": 5, "home_team": 36, "away_team": 39, "date_time": "2022-09-24T18:00:00", "city": 6}}, {"model": "competitions.match", "pk": 135, "fields": {"code": "1JB3", "competition_in_season": 5, "home_team": 37, "away_team": 38, "date_time": "2022-09-24T18:00:00", "city": 4}}, {"model": "competitions.match", "pk": 136, "fields": {"code": "1JB4", "competition_in_season": 5, "home_team": 40, "away_team": 38, "date_time": "2022-10-01T18:00:00", "city": 1}}, {"model": "competitions.match", "pk": 137, "fields": {"code": "1JB5", "competition_in_season": 5, "home_team": 39, "away_team": 37, "date_time": "2022-10-01T18:00:00", "city": 13}}, {"model": "competitions.match", "pk": 138, "fields": {"code": "1JB6", "competition_in_season": 5, "home_team": 35, "away_team": 36, "date_time": "2022-10-01T18:00:00", "city": 8}}, {"model": "competitions.match", "pk": 139, "fields": {"code": "1JB7", "competition_in_season": 5, "home_team": 36, "away_team": 40, "date_time": "2022-10-08T18:00:00", "city": 6}}, {"model": "competitions.match", "pk": 140, "fields": {"code": "1JB8", "competition_in_season": 5, "home_team": 37, "away_team": 35, "date_time": "2022-10-08T18:00:00", "city": 4}}, {"model": "competitions.match", "pk": 141, "fields": {"code": "1JB9", "competition_in_season": 5, "home_team": 38, "away_team": 39, "date_time": "2022-10-08T18:00:00", "city": 7}}, {"model": "competitions.match", "pk": 142, "fields": {"code": "1JB10", "competition_in_season": 5, "home_team": 40, "away_team": 39, "date_time": "2022-10-15T18:00:00", "city": 1}}, {"model": "competitions.match", "pk": 143, "fields": {"code": "1JB11", "competition_in_season": 5, "home_team": 35, "away_team": 38, "date_time": "2022-10-15T18:00:00", "city": 8}}, {"model": "competitions.match", "pk": 144, "fields": {"code": "1JB12", "competition_in_season": 5, "home_team": 36, "away_team": 37, "date_time": "2022-10-15T18:00:00", "city": 6}}, {"model": "competitions.match", "pk": 145, "fields": {"code": "1JB13", "competition_in_season": 5, "home_team": 37, "away_team": 40, "date_time": "2022-10-22T18:00:00", "city": 4}}, {"model": "competitions.match", "pk": 146, "fields": {"code": "1JB14", "competition_in_season": 5, "home_team": 38, "away_team": 36, "date_time": "2022-10-22T18:00:00", "city": 7}}, {"model": "competitions.match", "pk": 147, "fields": {"code": "1JB15", "competition_in_season": 5, "home_team": 39, "away_team": 35, "date_time": "2022-10-22T18:00:00", "city": 13}}, {"model": "competitions.match", "pk": 148, "fields": {"code": "1JG1", "competition_in_season": 6, "home_team": 42, "away_team": 47, "date_time": "2022-09-24T18:00:00", "city": 28}}, {"model": "competitions.match", "pk": 149, "fields": {"code": "1JG2", "competition_in_season": 6, "home_team": 43, "away_team": 46, "date_time": "2022-09-24T18:00:00", "city": 14}}, {"model": "competitions.match", "pk": 150, "fields": {"code": "1JG3", "competition_in_season": 6, "home_team": 44, "away_team": 49, "date_time": "2022-09-24T18:00:00", "city": 1}}, {"model": "competitions.match", "pk": 151, "fields": {"code": "1JG4", "competition_in_season": 6, "home_team": 45, "away_team": 48, "date_time": "2022-09-24T18:00:00", "city": 13}}, {"model": "competitions.match", "pk": 152, "fields": {"code": "1JG5", "competition_in_season": 6, "home_team": 49, "away_team": 45, "date_time": "2022-10-01T18:00:00", "city": 5}}, {"model": "competitions.match", "pk": 153, "fields": {"code": "1JG6", "competition_in_season": 6, "home_team": 46, "away_team": 44, "date_time": "2022-10-01T18:00:00", "city": 25}}, {"model": "competitions.match", "pk": 154, "fields": {"code": "1JG7", "competition_in_season": 6, "home_team": 47, "away_team": 43, "date_time": "2022-10-01T18:00:00", "city": 1}}, {"model": "competitions.match", "pk": 155, "fields": {"code": "1JG8", "competition_in_season": 6, "home_team": 41, "away_team": 42, "date_time": "2022-10-01T18:00:00", "city": 4}}, {"model": "competitions.match", "pk": 156, "fields": {"code": "1JG9", "competition_in_season": 6, "home_team": 43, "away_team": 41, "date_time": "2022-10-08T18:00:00", "city": 14}}, {"model": "competitions.match", "pk": 157, "fields": {"code": "1JG10", "competition_in_season": 6, "home_team": 44, "away_team": 47, "date_time": "2022-10-08T18:00:00", "city": 1}}, {"model": "competitions.match", "pk": 158, "fields": {"code": "1JG11", "competition_in_season": 6, "home_team": 45, "away_team": 46, "date_time": "2022-10-08T18:00:00", "city": 13}}, {"model": "competitions.match", "pk": 159, "fields": {"code": "1JG12", "competition_in_season": 6, "home_team": 48, "away_team": 49, "date_time": "2022-10-08T18:00:00", "city": 7}}, {"model": "competitions.match", "pk": 160, "fields": {"code": "1JG13", "competition_in_season": 6, "home_team": 46, "away_team": 48, "date_time": "2022-10-15T18:00:00", "city": 25}}, {"model": "competitions.match", "pk": 161, "fields": {"code": "1JG14", "competition_in_season": 6, "home_team": 47, "away_team": 45, "date_time": "2022-10-15T18:00:00", "city": 1}}, {"model": "competitions.match", "pk": 162, "fields": {"code": "1JG15", "competition_in_season": 6, "home_team": 41, "away_team": 44, "date_time": "2022-10-15T18:00:00", "city": 4}}, {"model": "competitions.match", "pk": 163, "fields": {"code": "1JG16", "competition_in_season": 6, "home_team": 42, "away_team": 43, "date_time": "2022-10-15T18:00:00", "city": 28}}, {"model": "competitions.match", "pk": 164, "fields": {"code": "1JG17", "competition_in_season": 6, "home_team": 44, "away_team": 42, "date_time": "2022-10-22T18:00:00", "city": 1}}, {"model": "competitions.match", "pk": 165, "fields": {"code": "1JG18", "competition_in_season": 6, "home_team": 45, "away_team": 41, "date_time": "2022-10-22T18:00:00", "city": 13}}, {"model": "competitions.match", "pk": 166, "fields": {"code": "1JG19", "competition_in_season": 6, "home_team": 48, "away_team": 47, "date_time": "2022-10-22T18:00:00", "city": 7}}, {"model": "competitions.match", "pk": 167, "fields": {"code": "1JG20", "competition_in_season": 6, "home_team": 49, "away_team": 46, "date_time": "2022-10-22T18:00:00", "city": 5}}, {"model": "competitions.match", "pk": 168, "fields": {"code": "1JG21", "competition_in_season": 6, "home_team": 47, "away_team": 49, "date_time": "2022-10-29T18:00:00", "city": 1}}, {"model": "competitions.match", "pk": 169, "fields": {"code": "1JG22", "competition_in_season": 6, "home_team": 41, "away_team": 48, "date_time": "2022-10-29T18:00:00", "city": 4}}, {"model": "competitions.match", "pk": 170, "fields": {"code": "1JG23", "competition_in_season": 6, "home_team": 42, "away_team": 45, "date_time": "2022-10-29T18:00:00", "city": 28}}, {"model": "competitions.match", "pk": 171, "fields": {"code": "1JG24", "competition_in_season": 6, "home_team": 43, "away_team": 44, "date_time": "2022-10-29T18:00:00", "city": 14}}, {"model": "competitions.match", "pk": 172, "fields": {"code": "1JG25", "competition_in_season": 6, "home_team": 45, "away_team": 43, "date_time": "2022-11-05T18:00:00", "city": 13}}, {"model": "competitions.match", "pk": 173, "fields": {"code": "1JG26", "competition_in_season": 6, "home_team": 48, "away_team": 42, "date_time": "2022-11-05T18:00:00", "city": 7}}, {"model": "competitions.match", "pk": 174, "fields": {"code": "1JG27", "competition_in_season": 6, "home_team": 49, "away_team": 41, "date_time": "2022-11-05T18:00:00", "city": 5}}, {"model": "competitions.match", "pk": 175, "fields": {"code": "1JG28", "competition_in_season": 6, "home_team": 46, "away_team": 47, "date_time": "2022-11-05T18:00:00", "city": 25}}, {"model": "competitions.match", "pk": 176, "fields": {"code": "1JG29", "competition_in_season": 6, "home_team": 41, "away_team": 46, "date_time": "2022-11-12T18:00:00", "city": 4}}, {"model": "competitions.match", "pk": 177, "fields": {"code": "1JG30", "competition_in_season": 6, "home_team": 42, "away_team": 49, "date_time": "2022-11-12T18:00:00", "city": 28}}, {"model": "competitions.match", "pk": 178, "fields": {"code": "1JG31", "competition_in_season": 6, "home_team": 43, "away_team": 48, "date_time": "2022-11-12T18:00:00", "city": 14}}, {"model": "competitions.match", "pk": 179, "fields": {"code": "1JG32", "competition_in_season": 6, "home_team": 44, "away_team": 45, "date_time": "2022-11-12T18:00:00", "city": 1}}, {"model": "competitions.match", "pk": 180, "fields": {"code": "1JG33", "competition_in_season": 6, "home_team": 48, "away_team": 44, "date_time": "2022-11-19T18:00:00", "city": 7}}, {"model": "competitions.match", "pk": 181, "fields": {"code": "1JG34", "competition_in_season": 6, "home_team": 49, "away_team": 43, "date_time": "2022-11-19T18:00:00", "city": 5}}, {"model": "competitions.match", "pk": 182, "fields": {"code": "1JG35", "competition_in_season": 6, "home_team": 46, "away_team": 42, "date_time": "2022-11-19T18:00:00", "city": 25}}, {"model": "competitions.match", "pk": 183, "fields": {"code": "1JG36", "competition_in_season": 6, "home_team": 47, "away_team": 41, "date_time": "2022-11-19T18:00:00", "city": 1}}, {"model": "competitions.match", "pk": 184, "fields": {"code": "KCB1", "competition_in_season": 7, "home_team": 52, "away_team": 50, "date_time": "2022-09-24T18:00:00", "city": 6}}, {"model": "competitions.match", "pk": 185, "fields": {"code": "KCB2", "competition_in_season": 7, "home_team": 53, "away_team": 56, "date_time": "2022-09-24T18:00:00", "city": 4}}, {"model": "competitions.match", "pk": 186, "fields": {"code": "KCB3", "competition_in_season": 7, "home_team": 54, "away_team": 55, "date_time": "2022-09-24T18:00:00", "city": 7}}, {"model": "competitions.match", "pk": 187, "fields": {"code": "KCB4", "competition_in_season": 7, "home_team": 56, "away_team": 54, "date_time": "2022-10-01T18:00:00", "city": 1}}, {"model": "competitions.match", "pk": 188, "fields": {"code": "KCB5", "competition_in_season": 7, "home_team": 50, "away_team": 53, "date_time": "2022-10-01T18:00:00", "city": 13}}, {"model": "competitions.match", "pk": 189, "fields": {"code": "KCB6", "competition_in_season": 7, "home_team": 51, "away_team": 52, "date_time": "2022-10-01T18:00:00", "city": 8}}, {"model": "competitions.match", "pk": 190, "fields": {"code": "KCB7", "competition_in_season": 7, "home_team": 53, "away_team": 51, "date_time": "2022-10-08T18:00:00", "city": 4}}, {"model": "competitions.match", "pk": 191, "fields": {"code": "KCB8", "competition_in_season": 7, "home_team": 54, "away_team": 50, "date_time": "2022-10-08T18:00:00", "city": 7}}, {"model": "competitions.match", "pk": 192, "fields": {"code": "KCB9", "competition_in_season": 7, "home_team": 55, "away_team": 56, "date_time": "2022-10-08T18:00:00", "city": 13}}, {"model": "competitions.match", "pk": 193, "fields": {"code": "KCB10", "competition_in_season": 7, "home_team": 50, "away_team": 55, "date_time": "2022-10-15T18:00:00", "city": 13}}, {"model": "competitions.match", "pk": 194, "fields": {"code": "KCB11", "competition_in_season": 7, "home_team": 51, "away_team": 54, "date_time": "2022-10-15T18:00:00", "city": 8}}, {"model": "competitions.match", "pk": 195, "fields": {"code": "KCB12", "competition_in_season": 7, "home_team": 52, "away_team": 53, "date_time": "2022-10-15T18:00:00", "city": 6}}, {"model": "competitions.match", "pk": 196, "fields": {"code": "KCB13", "competition_in_season": 7, "home_team": 54, "away_team": 52, "date_time": "2022-10-22T18:00:00", "city": 7}}, {"model": "competitions.match", "pk": 197, "fields": {"code": "KCB14", "competition_in_season": 7, "home_team": 55, "away_team": 51, "date_time": "2022-10-22T18:00:00", "city": 13}}, {"model": "competitions.match", "pk": 198, "fields": {"code": "KCB15", "competition_in_season": 7, "home_team": 56, "away_team": 50, "date_time": "2022-10-22T18:00:00", "city": 1}}, {"model": "competitions.match", "pk": 199, "fields": {"code": "KCB16", "competition_in_season": 7, "home_team": 51, "away_team": 56, "date_time": "2022-10-29T18:00:00", "city": 8}}, {"model": "competitions.match", "pk": 200, "fields": {"code": "KCB17", "competition_in_season": 7, "home_team": 52, "away_team": 55, "date_time": "2022-10-29T18:00:00", "city": 6}}, {"model": "competitions.match", "pk": 201, "fields": {"code": "KCB18", "competition_in_season": 7, "home_team": 53, "away_team": 54, "date_time": "2022-10-29T18:00:00", "city": 4}}, {"model": "competitions.match", "pk": 202, "fields": {"code": "KCB19", "competition_in_season": 7, "home_team": 55, "away_team": 53, "date_time": "2022-11-05T18:00:00", "city": 13}}, {"model": "competitions.match", "pk": 203, "fields": {"code": "KCB20", "competition_in_season": 7, "home_team": 56, "away_team": 52, "date_time": "2022-11-05T18:00:00", "city": 1}}, {"model": "competitions.match", "pk": 204, "fields": {"code": "KCB21", "competition_in_season": 7, "home_team": 50, "away_team": 51, "date_time": "2022-11-05T18:00:00", "city": 13}}, {"model": "competitions.match", "pk": 205, "fields": {"code": "KCG1", "competition_in_season": 8, "home_team": 58, "away_team": 63, "date_time": "2022-09-24T18:00:00", "city": 28}}, {"model": "competitions.match", "pk": 206, "fields": {"code": "KCG2", "competition_in_season": 8, "home_team": 59, "away_team": 62, "date_time": "2022-09-24T18:00:00", "city": 14}}, {"model": "competitions.match", "pk": 207, "fields": {"code": "KCG3", "competition_in_season": 8, "home_team": 60, "away_team": 65, "date_time": "2022-09-24T18:00:00", "city": 1}}, {"model": "competitions.match", "pk": 208, "fields": {"code": "KCG4", "competition_in_season": 8, "home_team": 61, "away_team": 64, "date_time": "2022-09-24T18:00:00", "city": 13}}, {"model": "competitions.match", "pk": 209, "fields": {"code": "KCG5", "competition_in_season": 8, "home_team": 65, "away_team": 61, "date_time": "2022-10-01T18:00:00", "city": 5}}, {"model": "competitions.match", "pk": 210, "fields": {"code": "KCG6", "competition_in_season": 8, "home_team": 62, "away_team": 60, "date_time": "2022-10-01T18:00:00", "city": 25}}, {"model": "competitions.match", "pk": 211, "fields": {"code": "KCG7", "competition_in_season": 8, "home_team": 63, "away_team": 59, "date_time": "2022-10-01T18:00:00", "city": 1}}, {"model": "competitions.match", "pk": 212, "fields": {"code": "KCG8", "competition_in_season": 8, "home_team": 57, "away_team": 58, "date_time": "2022-10-01T18:00:00", "city": 4}}, {"model": "competitions.match", "pk": 213, "fields": {"code": "KCG9", "competition_in_season": 8, "home_team": 59, "away_team": 57, "date_time": "2022-10-08T18:00:00", "city": 14}}, {"model": "competitions.match", "pk": 214, "fields": {"code": "KCG10", "competition_in_season": 8, "home_team": 60, "away_team": 63, "date_time": "2022-10-08T18:00:00", "city": 1}}, {"model": "competitions.match", "pk": 215, "fields": {"code": "KCG11", "competition_in_season": 8, "home_team": 61, "away_team": 62, "date_time": "2022-10-08T18:00:00", "city": 13}}, {"model": "competitions.match", "pk": 216, "fields": {"code": "KCG12", "competition_in_season": 8, "home_team": 64, "away_team": 65, "date_time": "2022-10-08T18:00:00", "city": 7}}, {"model": "competitions.match", "pk": 217, "fields": {"code": "KCG13", "competition_in_season": 8, "home_team": 62, "away_team": 64, "date_time": "2022-10-15T18:00:00", "city": 25}}, {"model": "competitions.match", "pk": 218, "fields": {"code": "KCG14", "competition_in_season": 8, "home_team": 63, "away_team": 61, "date_time": "2022-10-15T18:00:00", "city": 1}}, {"model": "competitions.match", "pk": 219, "fields": {"code": "KCG15", "competition_in_season": 8, "home_team": 57, "away_team": 60, "date_time": "2022-10-15T18:00:00", "city": 4}}, {"model": "competitions.match", "pk": 220, "fields": {"code": "KCG16", "competition_in_season": 8, "home_team": 58, "away_team": 59, "date_time": "2022-10-15T18:00:00", "city": 28}}, {"model": "competitions.match", "pk": 221, "fields": {"code": "KCG17", "competition_in_season": 8, "home_team": 60, "away_team": 58, "date_time": "2022-10-22T18:00:00", "city": 1}}, {"model": "competitions.match", "pk": 222, "fields": {"code": "KCG18", "competition_in_season": 8, "home_team": 61, "away_team": 57, "date_time": "2022-10-22T18:00:00", "city": 13}}, {"model": "competitions.match", "pk": 223, "fields": {"code": "KCG19", "competition_in_season": 8, "home_team": 64, "away_team": 63, "date_time": "2022-10-22T18:00:00", "city": 7}}, {"model": "competitions.match", "pk": 224, "fields": {"code": "KCG20", "competition_in_season": 8, "home_team": 65, "away_team": 62, "date_time": "2022-10-22T18:00:00", "city": 5}}, {"model": "competitions.match", "pk": 225, "fields": {"code": "KCG21", "competition_in_season": 8, "home_team": 63, "away_team": 65, "date_time": "2022-10-29T18:00:00", "city": 1}}, {"model": "competitions.match", "pk": 226, "fields": {"code": "KCG22", "competition_in_season": 8, "home_team": 57, "away_team": 64, "date_time": "2022-10-29T18:00:00", "city": 4}}, {"model": "competitions.match", "pk": 227, "fields": {"code": "KCG23", "competition_in_season": 8, "home_team": 58, "away_team": 61, "date_time": "2022-10-29T18:00:00", "city": 28}}, {"model": "competitions.match", "pk": 228, "fields": {"code": "KCG24", "competition_in_season": 8, "home_team": 59, "away_team": 60, "date_time": "2022-10-29T18:00:00", "city": 14}}, {"model": "competitions.match", "pk": 229, "fields": {"code": "KCG25", "competition_in_season": 8, "home_team": 61, "away_team": 59, "date_time": "2022-11-05T18:00:00", "city": 13}}, {"model": "competitions.match", "pk": 230, "fields": {"code": "KCG26", "competition_in_season": 8, "home_team": 64, "away_team": 58, "date_time": "2022-11-05T18:00:00", "city": 7}}, {"model": "competitions.match", "pk": 231, "fields": {"code": "KCG27", "competition_in_season": 8, "home_team": 65, "away_team": 57, "date_time": "2022-11-05T18:00:00", "city": 5}}, {"model": "competitions.match", "pk": 232, "fields": {"code": "KCG28", "competition_in_season": 8, "home_team": 62, "away_team": 63, "date_time": "2022-11-05T18:00:00", "city": 25}}, {"model": "competitions.match", "pk": 233, "fields": {"code": "KCG29", "competition_in_season": 8, "home_team": 57, "away_team": 62, "date_time": "2022-11-12T18:00:00", "city": 4}}, {"model": "competitions.match", "pk": 234, "fields": {"code": "KCG30", "competition_in_season": 8, "home_team": 58, "away_team": 65, "date_time": "2022-11-12T18:00:00", "city": 28}}, {"model": "competitions.match", "pk": 235, "fields": {"code": "KCG31", "competition_in_season": 8, "home_team": 59, "away_team": 64, "date_time": "2022-11-12T18:00:00", "city": 14}}, {"model": "competitions.match", "pk": 236, "fields": {"code": "KCG32", "competition_in_season": 8, "home_team": 60, "away_team": 61, "date_time": "2022-11-12T18:00:00", "city": 1}}, {"model": "competitions.match", "pk": 237, "fields": {"code": "KCG33", "competition_in_season": 8, "home_team": 64, "away_team": 60, "date_time": "2022-11-19T18:00:00", "city": 7}}, {"model": "competitions.match", "pk": 238, "fields": {"code": "KCG34", "competition_in_season": 8, "home_team": 65, "away_team": 59, "date_time": "2022-11-19T18:00:00", "city": 5}}, {"model": "competitions.match", "pk": 239, "fields": {"code": "KCG35", "competition_in_season": 8, "home_team": 62, "away_team": 58, "date_time": "2022-11-19T18:00:00", "city": 25}}, {"model": "competitions.match", "pk": 240, "fields": {"code": "KCG36", "competition_in_season": 8, "home_team": 63, "away_team": 57, "date_time": "2022-11-19T18:00:00", "city": 1}}, {"model": "competitions.match", "pk": 241, "fields": {"code": "EM1", "competition_in_season": 9, "home_team": 67, "away_team": 73, "date_time": "2023-09-23T18:00:00", "city": 12}}, {"model": "competitions.match", "pk": 242, "fields": {"code": "EM2", "competition_in_season": 9, "home_team": 66, "away_team": 71, "date_time": "2023-09-23T18:00:00", "city": 8}}, {"model": "competitions.match", "pk": 243, "fields": {"code": "EM3", "competition_in_season": 9, "home_team": 68, "away_team": 72, "date_time": "2023-09-23T18:00:00", "city": 27}}, {"model": "competitions.match", "pk": 244, "fields": {"code": "EM4", "competition_in_season": 9, "home_team": 69, "away_team": 70, "date_time": "2023-09-23T18:00:00", "city": 6}}, {"model": "competitions.match", "pk": 245, "fields": {"code": "EM5", "competition_in_season": 9, "home_team": 73, "away_team": 70, "date_time": "2023-09-30T18:00:00", "city": 19}}, {"model": "competitions.match", "pk": 246, "fields": {"code": "EM6", "competition_in_season": 9, "home_team": 72, "away_team": 69, "date_time": "2023-09-30T18:00:00", "city": 13}}, {"model": "competitions.match", "pk": 247, "fields": {"code": "EM7", "competition_in_season": 9, "home_team": 71, "away_team": 68, "date_time": "2023-09-30T18:00:00", "city": 1}}, {"model": "competitions.match", "pk": 248, "fields": {"code": "EM8", "competition_in_season": 9, "home_team": 67, "away_team": 66, "date_time": "2023-09-30T18:00:00", "city": 12}}, {"model": "competitions.match", "pk": 249, "fields": {"code": "EM9", "competition_in_season": 9, "home_team": 66, "away_team": 73, "date_time": "2023-10-07T18:00:00", "city": 8}}, {"model": "competitions.match", "pk": 250, "fields": {"code": "EM10", "competition_in_season": 9, "home_team": 68, "away_team": 67, "date_time": "2023-10-07T18:00:00", "city": 27}}, {"model": "competitions.match", "pk": 251, "fields": {"code": "EM11", "competition_in_season": 9, "home_team": 69, "away_team": 71, "date_time": "2023-10-07T18:00:00", "city": 6}}, {"model": "competitions.match", "pk": 252, "fields": {"code": "EM12", "competition_in_season": 9, "home_team": 70, "away_team": 72, "date_time": "2023-10-07T18:00:00", "city": 25}}, {"model": "competitions.match", "pk": 253, "fields": {"code": "EM13", "competition_in_season": 9, "home_team": 73, "away_team": 72, "date_time": "2023-10-14T18:00:00", "city": 19}}, {"model": "competitions.match", "pk": 254, "fields": {"code": "EM14", "competition_in_season": 9, "home_team": 71, "away_team": 70, "date_time": "2023-10-14T18:00:00", "city": 1}}, {"model": "competitions.match", "pk": 255, "fields": {"code": "EM15", "competition_in_season": 9, "home_team": 67, "away_team": 69, "date_time": "2023-10-14T18:00:00", "city": 12}}, {"model": "competitions.match", "pk": 256, "fields": {"code": "EM16", "competition_in_season": 9, "home_team": 66, "away_team": 68, "date_time": "2023-10-14T18:00:00", "city": 8}}, {"model": "competitions.match", "pk": 257, "fields": {"code": "EM17", "competition_in_season": 9, "home_team": 68, "away_team": 73, "date_time": "2023-10-21T18:00:00", "city": 27}}, {"model": "competitions.match", "pk": 258, "fields": {"code": "EM18", "competition_in_season": 9, "home_team": 69, "away_team": 66, "date_time": "2023-10-21T18:00:00", "city": 6}}, {"model": "competitions.match", "pk": 259, "fields": {"code": "EM19", "competition_in_season": 9, "home_team": 70, "away_team": 67, "date_time": "2023-10-21T18:00:00", "city": 25}}, {"model": "competitions.match", "pk": 260, "fields": {"code": "EM20", "competition_in_season": 9, "home_team": 72, "away_team": 71, "date_time": "2023-10-21T18:00:00", "city": 13}}, {"model": "competitions.match", "pk": 261, "fields": {"code": "EM21", "competition_in_season": 9, "home_team": 73, "away_team": 71, "date_time": "2023-10-28T18:00:00", "city": 19}}, {"model": "competitions.match", "pk": 262, "fields": {"code": "EM22", "competition_in_season": 9, "home_team": 67, "away_team": 72, "date_time": "2023-10-28T18:00:00", "city": 12}}, {"model": "competitions.match", "pk": 263, "fields": {"code": "EM23", "competition_in_season": 9, "home_team": 66, "away_team": 70, "date_time": "2023-10-28T18:00:00", "city": 8}}, {"model": "competitions.match", "pk": 264, "fields": {"code": "EM24", "competition_in_season": 9, "home_team": 68, "away_team": 69, "date_time": "2023-10-28T18:00:00", "city": 27}}, {"model": "competitions.match", "pk": 265, "fields": {"code": "EM25", "competition_in_season": 9, "home_team": 69, "away_team": 73, "date_time": "2023-11-04T18:00:00", "city": 6}}, {"model": "competitions.match", "pk": 266, "fields": {"code": "EM26", "competition_in_season": 9, "home_team": 70, "away_team": 68, "date_time": "2023-11-04T18:00:00", "city": 25}}, {"model": "competitions.match", "pk": 267, "fields": {"code": "EM27", "competition_in_season": 9, "home_team": 72, "away_team": 66, "date_time": "2023-11-04T18:00:00", "city": 13}}, {"model": "competitions.match", "pk": 268, "fields": {"code": "EM28", "competition_in_season": 9, "home_team": 71, "away_team": 67, "date_time": "2023-11-04T18:00:00", "city": 1}}, {"model": "competitions.match", "pk": 269, "fields": {"code": "EW1", "competition_in_season": 10, "home_team": 74, "away_team": 76, "date_time": "2023-09-23T18:00:00", "city": 4}}, {"model": "competitions.match", "pk": 270, "fields": {"code": "EW2", "competition_in_season": 10, "home_team": 75, "away_team": 83, "date_time": "2023-09-23T18:00:00", "city": 13}}, {"model": "competitions.match", "pk": 271, "fields": {"code": "EW3", "competition_in_season": 10, "home_team": 77, "away_team": 82, "date_time": "2023-09-23T18:00:00", "city": 10}}, {"model": "competitions.match", "pk": 272, "fields": {"code": "EW4", "competition_in_season": 10, "home_team": 78, "away_team": 81, "date_time": "2023-09-23T18:00:00", "city": 7}}, {"model": "competitions.match", "pk": 273, "fields": {"code": "EW5", "competition_in_season": 10, "home_team": 79, "away_team": 80, "date_time": "2023-09-23T18:00:00", "city": 19}}, {"model": "competitions.match", "pk": 274, "fields": {"code": "EW6", "competition_in_season": 10, "home_team": 76, "away_team": 80, "date_time": "2023-09-30T18:00:00", "city": 3}}, {"model": "competitions.match", "pk": 275, "fields": {"code": "EW7", "competition_in_season": 10, "home_team": 81, "away_team": 79, "date_time": "2023-09-30T18:00:00", "city": 1}}, {"model": "competitions.match", "pk": 276, "fields": {"code": "EW8", "competition_in_season": 10, "home_team": 82, "away_team": 78, "date_time": "2023-09-30T18:00:00", "city": 1}}, {"model": "competitions.match", "pk": 277, "fields": {"code": "EW9", "competition_in_season": 10, "home_team": 83, "away_team": 77, "date_time": "2023-09-30T18:00:00", "city": 13}}, {"model": "competitions.match", "pk": 278, "fields": {"code": "EW10", "competition_in_season": 10, "home_team": 74, "away_team": 75, "date_time": "2023-09-30T18:00:00", "city": 4}}, {"model": "competitions.match", "pk": 279, "fields": {"code": "EW11", "competition_in_season": 10, "home_team": 75, "away_team": 76, "date_time": "2023-10-07T18:00:00", "city": 13}}, {"model": "competitions.match", "pk": 280, "fields": {"code": "EW12", "competition_in_season": 10, "home_team": 77, "away_team": 74, "date_time": "2023-10-07T18:00:00", "city": 10}}, {"model": "competitions.match", "pk": 281, "fields": {"code": "EW13", "competition_in_season": 10, "home_team": 78, "away_team": 83, "date_time": "2023-10-07T18:00:00", "city": 7}}, {"model": "competitions.match", "pk": 282, "fields": {"code": "EW14", "competition_in_season": 10, "home_team": 79, "away_team": 82, "date_time": "2023-10-07T18:00:00", "city": 19}}, {"model": "competitions.match", "pk": 283, "fields": {"code": "EW15", "competition_in_season": 10, "home_team": 80, "away_team": 81, "date_time": "2023-10-07T18:00:00", "city": 25}}, {"model": "competitions.match", "pk": 284, "fields": {"code": "EW16", "competition_in_season": 10, "home_team": 76, "away_team": 81, "date_time": "2023-10-14T18:00:00", "city": 3}}, {"model": "competitions.match", "pk": 285, "fields": {"code": "EW17", "competition_in_season": 10, "home_team": 82, "away_team": 80, "date_time": "2023-10-14T18:00:00", "city": 1}}, {"model": "competitions.match", "pk": 286, "fields": {"code": "EW18", "competition_in_season": 10, "home_team": 83, "away_team": 79, "date_time": "2023-10-14T18:00:00", "city": 13}}, {"model": "competitions.match", "pk": 287, "fields": {"code": "EW19", "competition_in_season": 10, "home_team": 74, "away_team": 78, "date_time": "2023-10-14T18:00:00", "city": 4}}, {"model": "competitions.match", "pk": 288, "fields": {"code": "EW20", "competition_in_season": 10, "home_team": 75, "away_team": 77, "date_time": "2023-10-14T18:00:00", "city": 13}}, {"model": "competitions.match", "pk": 289, "fields": {"code": "EW21", "competition_in_season": 10, "home_team": 77, "away_team": 76, "date_time": "2023-10-21T18:00:00", "city": 10}}, {"model": "competitions.match", "pk": 290, "fields": {"code": "EW22", "competition_in_season": 10, "home_team": 78, "away_team": 75, "date_time": "2023-10-21T18:00:00", "city": 7}}, {"model": "competitions.match", "pk": 291, "fields": {"code": "EW23", "competition_in_season": 10, "home_team": 79, "away_team": 74, "date_time": "2023-10-21T18:00:00", "city": 19}}, {"model": "competitions.match", "pk": 292, "fields": {"code": "EW24", "competition_in_season": 10, "home_team": 80, "away_team": 83, "date_time": "2023-10-21T18:00:00", "city": 25}}, {"model": "competitions.match", "pk": 293, "fields": {"code": "EW25", "competition_in_season": 10, "home_team": 81, "away_team": 82, "date_time": "2023-10-21T18:00:00", "city": 1}}, {"model": "competitions.match", "pk": 294, "fields": {"code": "EW26", "competition_in_season": 10, "home_team": 76, "away_team": 82, "date_time": "2023-10-28T18:00:00", "city": 3}}, {"model": "competitions.match", "pk": 295, "fields": {"code": "EW27", "competition_in_season": 10, "home_team": 83, "away_team": 81, "date_time": "2023-10-28T18:00:00", "city": 13}}, {"model": "competitions.match", "pk": 296, "fields": {"code": "EW28", "competition_in_season": 10, "home_team": 74, "away_team": 80, "date_time": "2023-10-28T18:00:00", "city": 4}}, {"model": "competitions.match", "pk": 297, "fields": {"code": "EW29", "competition_in_season": 10, "home_team": 75, "away_team": 79, "date_time": "2023-10-28T18:00:00", "city": 13}}, {"model": "competitions.match", "pk": 298, "fields": {"code": "EW30", "competition_in_season": 10, "home_team": 77, "away_team": 78, "date_time": "2023-10-28T18:00:00", "city": 10}}, {"model": "competitions.match", "pk": 299, "fields": {"code": "EW31", "competition_in_season": 10, "home_team": 78, "away_team": 76, "date_time": "2023-11-04T18:00:00", "city": 7}}, {"model": "competitions.match", "pk": 300, "fields": {"code": "EW32", "competition_in_season": 10, "home_team": 79, "away_team": 77, "date_time": "2023-11-04T18:00:00", "city": 19}}, {"model": "competitions.match", "pk": 301, "fields": {"code": "EW33", "competition_in_season": 10, "home_team": 80, "away_team": 75, "date_time": "2023-11-04T18:00:00", "city": 25}}, {"model": "competitions.match", "pk": 302, "fields": {"code": "EW34", "competition_in_season": 10, "home_team": 81, "away_team": 74, "date_time": "2023-11-04T18:00:00", "city": 1}}, {"model": "competitions.match", "pk": 303, "fields": {"code": "EW35", "competition_in_season": 10, "home_team": 82, "away_team": 83, "date_time": "2023-11-04T18:00:00", "city": 1}}, {"model": "competitions.match", "pk": 304, "fields": {"code": "EW36", "competition_in_season": 10, "home_team": 76, "away_team": 83, "date_time": "2023-11-11T18:00:00", "city": 3}}, {"model": "competitions.match", "pk": 305, "fields": {"code": "EW37", "competition_in_season": 10, "home_team": 74, "away_team": 82, "date_time": "2023-11-11T18:00:00", "city": 4}}, {"model": "competitions.match", "pk": 306, "fields": {"code": "EW38", "competition_in_season": 10, "home_team": 75, "away_team": 81, "date_time": "2023-11-11T18:00:00", "city": 13}}, {"model": "competitions.match", "pk": 307, "fields": {"code": "EW39", "competition_in_season": 10, "home_team": 77, "away_team": 80, "date_time": "2023-11-11T18:00:00", "city": 10}}, {"model": "competitions.match", "pk": 308, "fields": {"code": "EW40", "competition_in_season": 10, "home_team": 78, "away_team": 79, "date_time": "2023-11-11T18:00:00", "city": 7}}, {"model": "competitions.match", "pk": 309, "fields": {"code": "EW41", "competition_in_season": 10, "home_team": 79, "away_team": 76, "date_time": "2023-11-18T18:00:00", "city": 19}}, {"model": "competitions.match", "pk": 310, "fields": {"code": "EW42", "competition_in_season": 10, "home_team": 80, "away_team": 78, "date_time": "2023-11-18T18:00:00", "city": 25}}, {"model": "competitions.match", "pk": 311, "fields": {"code": "EW43", "competition_in_season": 10, "home_team": 81, "away_team": 77, "date_time": "2023-11-18T18:00:00", "city": 1}}, {"model": "competitions.match", "pk": 312, "fields": {"code": "EW44", "competition_in_season": 10, "home_team": 82, "away_team": 75, "date_time": "2023-11-18T18:00:00", "city": 1}}, {"model": "competitions.match", "pk": 313, "fields": {"code": "EW45", "competition_in_season": 10, "home_team": 83, "away_team": 74, "date_time": "2023-11-18T18:00:00", "city": 13}}, {"model": "competitions.match", "pk": 314, "fields": {"code": "1M1", "competition_in_season": 11, "home_team": 84, "away_team": 86, "date_time": "2023-09-23T18:00:00", "city": 17}}, {"model": "competitions.match", "pk": 315, "fields": {"code": "1M2", "competition_in_season": 11, "home_team": 85, "away_team": 93, "date_time": "2023-09-23T18:00:00", "city": 8}}, {"model": "competitions.match", "pk": 316, "fields": {"code": "1M3", "competition_in_season": 11, "home_team": 87, "away_team": 92, "date_time": "2023-09-23T18:00:00", "city": 4}}, {"model": "competitions.match", "pk": 317, "fields": {"code": "1M4", "competition_in_season": 11, "home_team": 88, "away_team": 91, "date_time": "2023-09-23T18:00:00", "city": 7}}, {"model": "competitions.match", "pk": 318, "fields": {"code": "1M5", "competition_in_season": 11, "home_team": 89, "away_team": 90, "date_time": "2023-09-23T18:00:00", "city": 12}}, {"model": "competitions.match", "pk": 319, "fields": {"code": "1M6", "competition_in_season": 11, "home_team": 86, "away_team": 90, "date_time": "2023-09-30T18:00:00", "city": 15}}, {"model": "competitions.match", "pk": 320, "fields": {"code": "1M7", "competition_in_season": 11, "home_team": 91, "away_team": 89, "date_time": "2023-09-30T18:00:00", "city": 1}}, {"model": "competitions.match", "pk": 321, "fields": {"code": "1M8", "competition_in_season": 11, "home_team": 92, "away_team": 88, "date_time": "2023-09-30T18:00:00", "city": 10}}, {"model": "competitions.match", "pk": 322, "fields": {"code": "1M9", "competition_in_season": 11, "home_team": 93, "away_team": 87, "date_time": "2023-09-30T18:00:00", "city": 11}}, {"model": "competitions.match", "pk": 323, "fields": {"code": "1M10", "competition_in_season": 11, "home_team": 84, "away_team": 85, "date_time": "2023-09-30T18:00:00", "city": 17}}, {"model": "competitions.match", "pk": 324, "fields": {"code": "1M11", "competition_in_season": 11, "home_team": 85, "away_team": 86, "date_time": "2023-10-07T18:00:00", "city": 8}}, {"model": "competitions.match", "pk": 325, "fields": {"code": "1M12", "competition_in_season": 11, "home_team": 87, "away_team": 84, "date_time": "2023-10-07T18:00:00", "city": 4}}, {"model": "competitions.match", "pk": 326, "fields": {"code": "1M13", "competition_in_season": 11, "home_team": 88, "away_team": 93, "date_time": "2023-10-07T18:00:00", "city": 7}}, {"model": "competitions.match", "pk": 327, "fields": {"code": "1M14", "competition_in_season": 11, "home_team": 89, "away_team": 92, "date_time": "2023-10-07T18:00:00", "city": 12}}, {"model": "competitions.match", "pk": 328, "fields": {"code": "1M15", "competition_in_season": 11, "home_team": 90, "away_team": 91, "date_time": "2023-10-07T18:00:00", "city": 23}}, {"model": "competitions.match", "pk": 329, "fields": {"code": "1M16", "competition_in_season": 11, "home_team": 86, "away_team": 91, "date_time": "2023-10-14T18:00:00", "city": 15}}, {"model": "competitions.match", "pk": 330, "fields": {"code": "1M17", "competition_in_season": 11, "home_team": 92, "away_team": 90, "date_time": "2023-10-14T18:00:00", "city": 10}}, {"model": "competitions.match", "pk": 331, "fields": {"code": "1M18", "competition_in_season": 11, "home_team": 93, "away_team": 89, "date_time": "2023-10-14T18:00:00", "city": 11}}, {"model": "competitions.match", "pk": 332, "fields": {"code": "1M19", "competition_in_season": 11, "home_team": 84, "away_team": 88, "date_time": "2023-10-14T18:00:00", "city": 17}}, {"model": "competitions.match", "pk": 333, "fields": {"code": "1M20", "competition_in_season": 11, "home_team": 85, "away_team": 87, "date_time": "2023-10-14T18:00:00", "city": 8}}, {"model": "competitions.match", "pk": 334, "fields": {"code": "1M21", "competition_in_season": 11, "home_team": 87, "away_team": 86, "date_time": "2023-10-21T18:00:00", "city": 4}}, {"model": "competitions.match", "pk": 335, "fields": {"code": "1M22", "competition_in_season": 11, "home_team": 88, "away_team": 85, "date_time": "2023-10-21T18:00:00", "city": 7}}, {"model": "competitions.match", "pk": 336, "fields": {"code": "1M23", "competition_in_season": 11, "home_team": 89, "away_team": 84, "date_time": "2023-10-21T18:00:00", "city": 12}}, {"model": "competitions.match", "pk": 337, "fields": {"code": "1M24", "competition_in_season": 11, "home_team": 90, "away_team": 93, "date_time": "2023-10-21T18:00:00", "city": 23}}, {"model": "competitions.match", "pk": 338, "fields": {"code": "1M25", "competition_in_season": 11, "home_team": 91, "away_team": 92, "date_time": "2023-10-21T18:00:00", "city": 1}}, {"model": "competitions.match", "pk": 339, "fields": {"code": "1M26", "competition_in_season": 11, "home_team": 86, "away_team": 92, "date_time": "2023-10-28T18:00:00", "city": 15}}, {"model": "competitions.match", "pk": 340, "fields": {"code": "1M27", "competition_in_season": 11, "home_team": 93, "away_team": 91, "date_time": "2023-10-28T18:00:00", "city": 11}}, {"model": "competitions.match", "pk": 341, "fields": {"code": "1M28", "competition_in_season": 11, "home_team": 84, "away_team": 90, "date_time": "2023-10-28T18:00:00", "city": 17}}, {"model": "competitions.match", "pk": 342, "fields": {"code": "1M29", "competition_in_season": 11, "home_team": 85, "away_team": 89, "date_time": "2023-10-28T18:00:00", "city": 8}}, {"model": "competitions.match", "pk": 343, "fields": {"code": "1M30", "competition_in_season": 11, "home_team": 87, "away_team": 88, "date_time": "2023-10-28T18:00:00", "city": 4}}, {"model": "competitions.match", "pk": 344, "fields": {"code": "1M31", "competition_in_season": 11, "home_team": 88, "away_team": 86, "date_time": "2023-11-04T18:00:00", "city": 7}}, {"model": "competitions.match", "pk": 345, "fields": {"code": "1M32", "competition_in_season": 11, "home_team": 89, "away_team": 87, "date_time": "2023-11-04T18:00:00", "city": 12}}, {"model": "competitions.match", "pk": 346, "fields": {"code": "1M33", "competition_in_season": 11, "home_team": 90, "away_team": 85, "date_time": "2023-11-04T18:00:00", "city": 23}}, {"model": "competitions.match", "pk": 347, "fields": {"code": "1M34", "competition_in_season": 11, "home_team": 91, "away_team": 84, "date_time": "2023-11-04T18:00:00", "city": 1}}, {"model": "competitions.match", "pk": 348, "fields": {"code": "1M35", "competition_in_season": 11, "home_team": 92, "away_team": 93, "date_time": "2023-11-04T18:00:00", "city": 10}}, {"model": "competitions.match", "pk": 349, "fields": {"code": "1M36", "competition_in_season": 11, "home_team": 86, "away_team": 93, "date_time": "2023-11-11T18:00:00", "city": 15}}, {"model": "competitions.match", "pk": 350, "fields": {"code": "1M37", "competition_in_season": 11, "home_team": 84, "away_team": 92, "date_time": "2023-11-11T18:00:00", "city": 17}}, {"model": "competitions.match", "pk": 351, "fields": {"code": "1M38", "competition_in_season": 11, "home_team": 85, "away_team": 91, "date_time": "2023-11-11T18:00:00", "city": 8}}, {"model": "competitions.match", "pk": 352, "fields": {"code": "1M39", "competition_in_season": 11, "home_team": 87, "away_team": 90, "date_time": "2023-11-11T18:00:00", "city": 4}}, {"model": "competitions.match", "pk": 353, "fields": {"code": "1M40", "competition_in_season": 11, "home_team": 88, "away_team": 89, "date_time": "2023-11-11T18:00:00", "city": 7}}, {"model": "competitions.match", "pk": 354, "fields": {"code": "1M41", "competition_in_season": 11, "home_team": 89, "away_team": 86, "date_time": "2023-11-18T18:00:00", "city": 12}}, {"model": "competitions.match", "pk": 355, "fields": {"code": "1M42", "competition_in_season": 11, "home_team": 90, "away_team": 88, "date_time": "2023-11-18T18:00:00", "city": 23}}, {"model": "competitions.match", "pk": 356, "fields": {"code": "1M43", "competition_in_season": 11, "home_team": 91, "away_team": 87, "date_time": "2023-11-18T18:00:00", "city": 1}}, {"model": "competitions.match", "pk": 357, "fields": {"code": "1M44", "competition_in_season": 11, "home_team": 92, "away_team": 85, "date_time": "2023-11-18T18:00:00", "city": 10}}, {"model": "competitions.match", "pk": 358, "fields": {"code": "1M45", "competition_in_season": 11, "home_team": 93, "away_team": 84, "date_time": "2023-11-18T18:00:00", "city": 11}}, {"model": "competitions.match", "pk": 359, "fields": {"code": "1W1", "competition_in_season": 12, "home_team": 95, "away_team": 98, "date_time": "2023-09-23T18:00:00", "city": 16}}, {"model": "competitions.match", "pk": 360, "fields": {"code": "1W2", "competition_in_season": 12, "home_team": 96, "away_team": 97, "date_time": "2023-09-23T18:00:00", "city": 13}}, {"model": "competitions.match", "pk": 361, "fields": {"code": "1W3", "competition_in_season": 12, "home_team": 99, "away_team": 100, "date_time": "2023-09-23T18:00:00", "city": 65}}, {"model": "competitions.match", "pk": 362, "fields": {"code": "1W4", "competition_in_season": 12, "home_team": 97, "away_team": 99, "date_time": "2023-09-30T18:00:00", "city": 25}}, {"model": "competitions.match", "pk": 363, "fields": {"code": "1W5", "competition_in_season": 12, "home_team": 98, "away_team": 96, "date_time": "2023-09-30T18:00:00", "city": 20}}, {"model": "competitions.match", "pk": 364, "fields": {"code": "1W6", "competition_in_season": 12, "home_team": 94, "away_team": 95, "date_time": "2023-09-30T18:00:00", "city": 4}}, {"model": "competitions.match", "pk": 365, "fields": {"code": "1W7", "competition_in_season": 12, "home_team": 96, "away_team": 94, "date_time": "2023-10-07T18:00:00", "city": 13}}, {"model": "competitions.match", "pk": 366, "fields": {"code": "1W8", "competition_in_season": 12, "home_team": 99, "away_team": 98, "date_time": "2023-10-07T18:00:00", "city": 65}}, {"model": "competitions.match", "pk": 367, "fields": {"code": "1W9", "competition_in_season": 12, "home_team": 100, "away_team": 97, "date_time": "2023-10-07T18:00:00", "city": 13}}, {"model": "competitions.match", "pk": 368, "fields": {"code": "1W10", "competition_in_season": 12, "home_team": 98, "away_team": 100, "date_time": "2023-10-14T18:00:00", "city": 20}}, {"model": "competitions.match", "pk": 369, "fields": {"code": "1W11", "competition_in_season": 12, "home_team": 94, "away_team": 99, "date_time": "2023-10-14T18:00:00", "city": 4}}, {"model": "competitions.match", "pk": 370, "fields": {"code": "1W12", "competition_in_season": 12, "home_team": 95, "away_team": 96, "date_time": "2023-10-14T18:00:00", "city": 16}}, {"model": "competitions.match", "pk": 371, "fields": {"code": "1W13", "competition_in_season": 12, "home_team": 99, "away_team": 95, "date_time": "2023-10-21T18:00:00", "city": 65}}, {"model": "competitions.match", "pk": 372, "fields": {"code": "1W14", "competition_in_season": 12, "home_team": 100, "away_team": 94, "date_time": "2023-10-21T18:00:00", "city": 13}}, {"model": "competitions.match", "pk": 373, "fields": {"code": "1W15", "competition_in_season": 12, "home_team": 97, "away_team": 98, "date_time": "2023-10-21T18:00:00", "city": 25}}, {"model": "competitions.match", "pk": 374, "fields": {"code": "1W16", "competition_in_season": 12, "home_team": 94, "away_team": 97, "date_time": "2023-10-28T18:00:00", "city": 4}}, {"model": "competitions.match", "pk": 375, "fields": {"code": "1W17", "competition_in_season": 12, "home_team": 95, "away_team": 100, "date_time": "2023-10-28T18:00:00", "city": 16}}, {"model": "competitions.match", "pk": 376, "fields": {"code": "1W18", "competition_in_season": 12, "home_team": 96, "away_team": 99, "date_time": "2023-10-28T18:00:00", "city": 13}}, {"model": "competitions.match", "pk": 377, "fields": {"code": "1W19", "competition_in_season": 12, "home_team": 100, "away_team": 96, "date_time": "2023-11-04T18:00:00", "city": 13}}, {"model": "competitions.match", "pk": 378, "fields": {"code": "1W20", "competition_in_season": 12, "home_team": 97, "away_team": 95, "date_time": "2023-11-04T18:00:00", "city": 25}}, {"model": "competitions.match", "pk": 379, "fields": {"code": "1W21", "competition_in_season": 12, "home_team": 98, "away_team": 94, "date_time": "2023-11-04T18:00:00", "city": 20}}, {"model": "competitions.match", "pk": 380, "fields": {"code": "1JB1", "competition_in_season": 13, "home_team": 101, "away_team": 106, "date_time": "2023-09-23T18:00:00", "city": 8}}, {"model": "competitions.match", "pk": 381, "fields": {"code": "1JB2", "competition_in_season": 13, "home_team": 102, "away_team": 105, "date_time": "2023-09-23T18:00:00", "city": 6}}, {"model": "competitions.match", "pk": 382, "fields": {"code": "1JB3", "competition_in_season": 13, "home_team": 103, "away_team": 104, "date_time": "2023-09-23T18:00:00", "city": 4}}, {"model": "competitions.match", "pk": 383, "fields": {"code": "1JB4", "competition_in_season": 13, "home_team": 106, "away_team": 104, "date_time": "2023-09-30T18:00:00", "city": 1}}, {"model": "competitions.match", "pk": 384, "fields": {"code": "1JB5", "competition_in_season": 13, "home_team": 105, "away_team": 103, "date_time": "2023-09-30T18:00:00", "city": 13}}, {"model": "competitions.match", "pk": 385, "fields": {"code": "1JB6", "competition_in_season": 13, "home_team": 101, "away_team": 102, "date_time": "2023-09-30T18:00:00", "city": 8}}, {"model": "competitions.match", "pk": 386, "fields": {"code": "1JB7", "competition_in_season": 13, "home_team": 102, "away_team": 106, "date_time": "2023-10-07T18:00:00", "city": 6}}, {"model": "competitions.match", "pk": 387, "fields": {"code": "1JB8", "competition_in_season": 13, "home_team": 103, "away_team": 101, "date_time": "2023-10-07T18:00:00", "city": 4}}, {"model": "competitions.match", "pk": 388, "fields": {"code": "1JB9", "competition_in_season": 13, "home_team": 104, "away_team": 105, "date_time": "2023-10-07T18:00:00", "city": 7}}, {"model": "competitions.match", "pk": 389, "fields": {"code": "1JB10", "competition_in_season": 13, "home_team": 106, "away_team": 105, "date_time": "2023-10-14T18:00:00", "city": 1}}, {"model": "competitions.match", "pk": 390, "fields": {"code": "1JB11", "competition_in_season": 13, "home_team": 101, "away_team": 104, "date_time": "2023-10-14T18:00:00", "city": 8}}, {"model": "competitions.match", "pk": 391, "fields": {"code": "1JB12", "competition_in_season": 13, "home_team": 102, "away_team": 103, "date_time": "2023-10-14T18:00:00", "city": 6}}, {"model": "competitions.match", "pk": 392, "fields": {"code": "1JB13", "competition_in_season": 13, "home_team": 103, "away_team": 106, "date_time": "2023-10-21T18:00:00", "city": 4}}, {"model": "competitions.match", "pk": 393, "fields": {"code": "1JB14", "competition_in_season": 13, "home_team": 104, "away_team": 102, "date_time": "2023-10-21T18:00:00", "city": 7}}, {"model": "competitions.match", "pk": 394, "fields": {"code": "1JB15", "competition_in_season": 13, "home_team": 105, "away_team": 101, "date_time": "2023-10-21T18:00:00", "city": 13}}, {"model": "competitions.match", "pk": 395, "fields": {"code": "1JG1", "competition_in_season": 14, "home_team": 108, "away_team": 113, "date_time": "2023-09-23T18:00:00", "city": 28}}, {"model": "competitions.match", "pk": 396, "fields": {"code": "1JG2", "competition_in_season": 14, "home_team": 109, "away_team": 112, "date_time": "2023-09-23T18:00:00", "city": 14}}, {"model": "competitions.match", "pk": 397, "fields": {"code": "1JG3", "competition_in_season": 14, "home_team": 110, "away_team": 115, "date_time": "2023-09-23T18:00:00", "city": 1}}, {"model": "competitions.match", "pk": 398, "fields": {"code": "1JG4", "competition_in_season": 14, "home_team": 111, "away_team": 114, "date_time": "2023-09-23T18:00:00", "city": 13}}, {"model": "competitions.match", "pk": 399, "fields": {"code": "1JG5", "competition_in_season": 14, "home_team": 115, "away_team": 111, "date_time": "2023-09-30T18:00:00", "city": 5}}, {"model": "competitions.match", "pk": 400, "fields": {"code": "1JG6", "competition_in_season": 14, "home_team": 112, "away_team": 110, "date_time": "2023-09-30T18:00:00", "city": 25}}, {"model": "competitions.match", "pk": 401, "fields": {"code": "1JG7", "competition_in_season": 14, "home_team": 113, "away_team": 109, "date_time": "2023-09-30T18:00:00", "city": 1}}, {"model": "competitions.match", "pk": 402, "fields": {"code": "1JG8", "competition_in_season": 14, "home_team": 107, "away_team": 108, "date_time": "2023-09-30T18:00:00", "city": 4}}, {"model": "competitions.match", "pk": 403, "fields": {"code": "1JG9", "competition_in_season": 14, "home_team": 109, "away_team": 107, "date_time": "2023-10-07T18:00:00", "city": 14}}, {"model": "competitions.match", "pk": 404, "fields": {"code": "1JG10", "competition_in_season": 14, "home_team": 110, "away_team": 113, "date_time": "2023-10-07T18:00:00", "city": 1}}, {"model": "competitions.match", "pk": 405, "fields": {"code": "1JG11", "competition_in_season": 14, "home_team": 111, "away_team": 112, "date_time": "2023-10-07T18:00:00", "city": 13}}, {"model": "competitions.match", "pk": 406, "fields": {"code": "1JG12", "competition_in_season": 14, "home_team": 114, "away_team": 115, "date_time": "2023-10-07T18:00:00", "city": 7}}, {"model": "competitions.match", "pk": 407, "fields": {"code": "1JG13", "competition_in_season": 14, "home_team": 112, "away_team": 114, "date_time": "2023-10-14T18:00:00", "city": 25}}, {"model": "competitions.match", "pk": 408, "fields": {"code": "1JG14", "competition_in_season": 14, "home_team": 113, "away_team": 111, "date_time": "2023-10-14T18:00:00", "city": 1}}, {"model": "competitions.match", "pk": 409, "fields": {"code": "1JG15", "competition_in_season": 14, "home_team": 107, "away_team": 110, "date_time": "2023-10-14T18:00:00", "city": 4}}, {"model": "competitions.match", "pk": 410, "fields": {"code": "1JG16", "competition_in_season": 14, "home_team": 108, "away_team": 109, "date_time": "2023-10-14T18:00:00", "city": 28}}, {"model": "competitions.match", "pk": 411, "fields": {"code": "1JG17", "competition_in_season": 14, "home_team": 110, "away_team": 108, "date_time": "2023-10-21T18:00:00", "city": 1}}, {"model": "competitions.match", "pk": 412, "fields": {"code": "1JG18", "competition_in_season": 14, "home_team": 111, "away_team": 107, "date_time": "2023-10-21T18:00:00", "city": 13}}, {"model": "competitions.match", "pk": 413, "fields": {"code": "1JG19", "competition_in_season": 14, "home_team": 114, "away_team": 113, "date_time": "2023-10-21T18:00:00", "city": 7}}, {"model": "competitions.match", "pk": 414, "fields": {"code": "1JG20", "competition_in_season": 14, "home_team": 115, "away_team": 112, "date_time": "2023-10-21T18:00:00", "city": 5}}, {"model": "competitions.match", "pk": 415, "fields": {"code": "1JG21", "competition_in_season": 14, "home_team": 113, "away_team": 115, "date_time": "2023-10-28T18:00:00", "city": 1}}, {"model": "competitions.match", "pk": 416, "fields": {"code": "1JG22", "competition_in_season": 14, "home_team": 107, "away_team": 114, "date_time": "2023-10-28T18:00:00", "city": 4}}, {"model": "competitions.match", "pk": 417, "fields": {"code": "1JG23", "competition_in_season": 14, "home_team": 108, "away_team": 111, "date_time": "2023-10-28T18:00:00", "city": 28}}, {"model": "competitions.match", "pk": 418, "fields": {"code": "1JG24", "competition_in_season": 14, "home_team": 109, "away_team": 110, "date_time": "2023-10-28T18:00:00", "city": 14}}, {"model": "competitions.match", "pk": 419, "fields": {"code": "1JG25", "competition_in_season": 14, "home_team": 111, "away_team": 109, "date_time": "2023-11-04T18:00:00", "city": 13}}, {"model": "competitions.match", "pk": 420, "fields": {"code": "1JG26", "competition_in_season": 14, "home_team": 114, "away_team": 108, "date_time": "2023-11-04T18:00:00", "city": 7}}, {"model": "competitions.match", "pk": 421, "fields": {"code": "1JG27", "competition_in_season": 14, "home_team": 115, "away_team": 107, "date_time": "2023-11-04T18:00:00", "city": 5}}, {"model": "competitions.match", "pk": 422, "fields": {"code": "1JG28", "competition_in_season": 14, "home_team": 112, "away_team": 113, "date_time": "2023-11-04T18:00:00", "city": 25}}, {"model": "competitions.match", "pk": 423, "fields": {"code": "1JG29", "competition_in_season": 14, "home_team": 107, "away_team": 112, "date_time": "2023-11-11T18:00:00", "city": 4}}, {"model": "competitions.match", "pk": 424, "fields": {"code": "1JG30", "competition_in_season": 14, "home_team": 108, "away_team": 115, "date_time": "2023-11-11T18:00:00", "city": 28}}, {"model": "competitions.match", "pk": 425, "fields": {"code": "1JG31", "competition_in_season": 14, "home_team": 109, "away_team": 114, "date_time": "2023-11-11T18:00:00", "city": 14}}, {"model": "competitions.match", "pk": 426, "fields": {"code": "1JG32", "competition_in_season": 14, "home_team": 110, "away_team": 111, "date_time": "2023-11-11T18:00:00", "city": 1}}, {"model": "competitions.match", "pk": 427, "fields": {"code": "1JG33", "competition_in_season": 14, "home_team": 114, "away_team": 110, "date_time": "2023-11-18T18:00:00", "city": 7}}, {"model": "competitions.match", "pk": 428, "fields": {"code": "1JG34", "competition_in_season": 14, "home_team": 115, "away_team": 109, "date_time": "2023-11-18T18:00:00", "city": 5}}, {"model": "competitions.match", "pk": 429, "fields": {"code": "1JG35", "competition_in_season": 14, "home_team": 112, "away_team": 108, "date_time": "2023-11-18T18:00:00", "city": 25}}, {"model": "competitions.match", "pk": 430, "fields": {"code": "1JG36", "competition_in_season": 14, "home_team": 113, "away_team": 107, "date_time": "2023-11-18T18:00:00", "city": 1}}, {"model": "competitions.match", "pk": 431, "fields": {"code": "KCB1", "competition_in_season": 15, "home_team": 118, "away_team": 116, "date_time": "2023-09-23T18:00:00", "city": 6}}, {"model": "competitions.match", "pk": 432, "fields": {"code": "KCB2", "competition_in_season": 15, "home_team": 119, "away_team": 122, "date_time": "2023-09-23T18:00:00", "city": 4}}, {"model": "competitions.match", "pk": 433, "fields": {"code": "KCB3", "competition_in_season": 15, "home_team": 120, "away_team": 121, "date_time": "2023-09-23T18:00:00", "city": 7}}, {"model": "competitions.match", "pk": 434, "fields": {"code": "KCB4", "competition_in_season": 15, "home_team": 122, "away_team": 120, "date_time": "2023-09-30T18:00:00", "city": 1}}, {"model": "competitions.match", "pk": 435, "fields": {"code": "KCB5", "competition_in_season": 15, "home_team": 116, "away_team": 119, "date_time": "2023-09-30T18:00:00", "city": 13}}, {"model": "competitions.match", "pk": 436, "fields": {"code": "KCB6", "competition_in_season": 15, "home_team": 117, "away_team": 118, "date_time": "2023-09-30T18:00:00", "city": 8}}, {"model": "competitions.match", "pk": 437, "fields": {"code": "KCB7", "competition_in_season": 15, "home_team": 119, "away_team": 117, "date_time": "2023-10-07T18:00:00", "city": 4}}, {"model": "competitions.match", "pk": 438, "fields": {"code": "KCB8", "competition_in_season": 15, "home_team": 120, "away_team": 116, "date_time": "2023-10-07T18:00:00", "city": 7}}, {"model": "competitions.match", "pk": 439, "fields": {"code": "KCB9", "competition_in_season": 15, "home_team": 121, "away_team": 122, "date_time": "2023-10-07T18:00:00", "city": 13}}, {"model": "competitions.match", "pk": 440, "fields": {"code": "KCB10", "competition_in_season": 15, "home_team": 116, "away_team": 121, "date_time": "2023-10-14T18:00:00", "city": 13}}, {"model": "competitions.match", "pk": 441, "fields": {"code": "KCB11", "competition_in_season": 15, "home_team": 117, "away_team": 120, "date_time": "2023-10-14T18:00:00", "city": 8}}, {"model": "competitions.match", "pk": 442, "fields": {"code": "KCB12", "competition_in_season": 15, "home_team": 118, "away_team": 119, "date_time": "2023-10-14T18:00:00", "city": 6}}, {"model": "competitions.match", "pk": 443, "fields": {"code": "KCB13", "competition_in_season": 15, "home_team": 120, "away_team": 118, "date_time": "2023-10-21T18:00:00", "city": 7}}, {"model": "competitions.match", "pk": 444, "fields": {"code": "KCB14", "competition_in_season": 15, "home_team": 121, "away_team": 117, "date_time": "2023-10-21T18:00:00", "city": 13}}, {"model": "competitions.match", "pk": 445, "fields": {"code": "KCB15", "competition_in_season": 15, "home_team": 122, "away_team": 116, "date_time": "2023-10-21T18:00:00", "city": 1}}, {"model": "competitions.match", "pk": 446, "fields": {"code": "KCB16", "competition_in_season": 15, "home_team": 117, "away_team": 122, "date_time": "2023-10-28T18:00:00", "city": 8}}, {"model": "competitions.match", "pk": 447, "fields": {"code": "KCB17", "competition_in_season": 15, "home_team": 118, "away_team": 121, "date_time": "2023-10-28T18:00:00", "city": 6}}, {"model": "competitions.match", "pk": 448, "fields": {"code": "KCB18", "competition_in_season": 15, "home_team": 119, "away_team": 120, "date_time": "2023-10-28T18:00:00", "city": 4}}, {"model": "competitions.match", "pk": 449, "fields": {"code": "KCB19", "competition_in_season": 15, "home_team": 121, "away_team": 119, "date_time": "2023-11-04T18:00:00", "city": 13}}, {"model": "competitions.match", "pk": 450, "fields": {"code": "KCB20", "competition_in_season": 15, "home_team": 122, "away_team": 118, "date_time": "2023-11-04T18:00:00", "city": 1}}, {"model": "competitions.match", "pk": 451, "fields": {"code": "KCB21", "competition_in_season": 15, "home_team": 116, "away_team": 117, "date_time": "2023-11-04T18:00:00", "city": 13}}, {"model": "competitions.match", "pk": 452, "fields": {"code": "KCG1", "competition_in_season": 16, "home_team": 124, "away_team": 129, "date_time": "2023-09-23T18:00:00", "city": 28}}, {"model": "competitions.match", "pk": 453, "fields": {"code": "KCG2", "competition_in_season": 16, "home_team": 125, "away_team": 128, "date_time": "2023-09-23T18:00:00", "city": 14}}, {"model": "competitions.match", "pk": 454, "fields": {"code": "KCG3", "competition_in_season": 16, "home_team": 126, "away_team": 131, "date_time": "2023-09-23T18:00:00", "city": 1}}, {"model": "competitions.match", "pk": 455, "fields": {"code": "KCG4", "competition_in_season": 16, "home_team": 127, "away_team": 130, "date_time": "2023-09-23T18:00:00", "city": 13}}, {"model": "competitions.match", "pk": 456, "fields": {"code": "KCG5", "competition_in_season": 16, "home_team": 131, "away_team": 127, "date_time": "2023-09-30T18:00:00", "city": 5}}, {"model": "competitions.match", "pk": 457, "fields": {"code": "KCG6", "competition_in_season": 16, "home_team": 128, "away_team": 126, "date_time": "2023-09-30T18:00:00", "city": 25}}, {"model": "competitions.match", "pk": 458, "fields": {"code": "KCG7", "competition_in_season": 16, "home_team": 129, "away_team": 125, "date_time": "2023-09-30T18:00:00", "city": 1}}, {"model": "competitions.match", "pk": 459, "fields": {"code": "KCG8", "competition_in_season": 16, "home_team": 123, "away_team": 124, "date_time": "2023-09-30T18:00:00", "city": 4}}, {"model": "competitions.match", "pk": 460, "fields": {"code": "KCG9", "competition_in_season": 16, "home_team": 125, "away_team": 123, "date_time": "2023-10-07T18:00:00", "city": 14}}, {"model": "competitions.match", "pk": 461, "fields": {"code": "KCG10", "competition_in_season": 16, "home_team": 126, "away_team": 129, "date_time": "2023-10-07T18:00:00", "city": 1}}, {"model": "competitions.match", "pk": 462, "fields": {"code": "KCG11", "competition_in_season": 16, "home_team": 127, "away_team": 128, "date_time": "2023-10-07T18:00:00", "city": 13}}, {"model": "competitions.match", "pk": 463, "fields": {"code": "KCG12", "competition_in_season": 16, "home_team": 130, "away_team": 131, "date_time": "2023-10-07T18:00:00", "city": 7}}, {"model": "competitions.match", "pk": 464, "fields": {"code": "KCG13", "competition_in_season": 16, "home_team": 128, "away_team": 130, "date_time": "2023-10-14T18:00:00", "city": 25}}, {"model": "competitions.match", "pk": 465, "fields": {"code": "KCG14", "competition_in_season": 16, "home_team": 129, "away_team": 127, "date_time": "2023-10-14T18:00:00", "city": 1}}, {"model": "competitions.match", "pk": 466, "fields": {"code": "KCG15", "competition_in_season": 16, "home_team": 123, "away_team": 126, "date_time": "2023-10-14T18:00:00", "city": 4}}, {"model": "competitions.match", "pk": 467, "fields": {"code": "KCG16", "competition_in_season": 16, "home_team": 124, "away_team": 125, "date_time": "2023-10-14T18:00:00", "city": 28}}, {"model": "competitions.match", "pk": 468, "fields": {"code": "KCG17", "competition_in_season": 16, "home_team": 126, "away_team": 124, "date_time": "2023-10-21T18:00:00", "city": 1}}, {"model": "competitions.match", "pk": 469, "fields": {"code": "KCG18", "competition_in_season": 16, "home_team": 127, "away_team": 123, "date_time": "2023-10-21T18:00:00", "city": 13}}, {"model": "competitions.match", "pk": 470, "fields": {"code": "KCG19", "competition_in_season": 16, "home_team": 130, "away_team": 129, "date_time": "2023-10-21T18:00:00", "city": 7}}, {"model": "competitions.match", "pk": 471, "fields": {"code": "KCG20", "competition_in_season": 16, "home_team": 131, "away_team": 128, "date_time": "2023-10-21T18:00:00", "city": 5}}, {"model": "competitions.match", "pk": 472, "fields": {"code": "KCG21", "competition_in_season": 16, "home_team": 129, "away_team": 131, "date_time": "2023-10-28T18:00:00", "city": 1}}, {"model": "competitions.match", "pk": 473, "fields": {"code": "KCG22", "competition_in_season": 16, "home_team": 123, "away_team": 130, "date_time": "2023-10-28T18:00:00", "city": 4}}, {"model": "competitions.match", "pk": 474, "fields": {"code": "KCG23", "competition_in_season": 16, "home_team": 124, "away_team": 127, "date_time": "2023-10-28T18:00:00", "city": 28}}, {"model": "competitions.match", "pk": 475, "fields": {"code": "KCG24", "competition_in_season": 16, "home_team": 125, "away_team": 126, "date_time": "2023-10-28T18:00:00", "city": 14}}, {"model": "competitions.match", "pk": 476, "fields": {"code": "KCG25", "competition_in_season": 16, "home_team": 127, "away_team": 125, "date_time": "2023-11-04T18:00:00", "city": 13}}, {"model": "competitions.match", "pk": 477, "fields": {"code": "KCG26", "competition_in_season": 16, "home_team": 130, "away_team": 124, "date_time": "2023-11-04T18:00:00", "city": 7}}, {"model": "competitions.match", "pk": 478, "fields": {"code": "KCG27", "competition_in_season": 16, "home_team": 131, "away_team": 123, "date_time": "2023-11-04T18:00:00", "city": 5}}, {"model": "competitions.match", "pk": 479, "fields": {"code": "KCG28", "competition_in_season": 16, "home_team": 128, "away_team": 129, "date_time": "2023-11-04T18:00:00", "city": 25}}, {"model": "competitions.match", "pk": 480, "fields": {"code": "KCG29", "competition_in_season": 16, "home_team": 123, "away_team": 128, "date_time": "2023-11-11T18:00:00", "city": 4}}, {"model": "competitions.match", "pk": 481, "fields": {"code": "KCG30", "competition_in_season": 16, "home_team": 124, "away_team": 131, "date_time": "2023-11-11T18:00:00", "city": 28}}, {"model": "competitions.match", "pk": 482, "fields": {"code": "KCG31", "competition_in_season": 16, "home_team": 125, "away_team": 130, "date_time": "2023-11-11T18:00:00", "city": 14}}, {"model": "competitions.match", "pk": 483, "fields": {"code": "KCG32", "competition_in_season": 16, "home_team": 126, "away_team": 127, "date_time": "2023-11-11T18:00:00", "city": 1}}, {"model": "competitions.match", "pk": 484, "fields": {"code": "KCG33", "competition_in_season": 16, "home_team": 130, "away_team": 126, "date_time": "2023-11-18T18:00:00", "city": 7}}, {"model": "competitions.match", "pk": 485, "fields": {"code": "KCG34", "competition_in_season": 16, "home_team": 131, "away_team": 125, "date_time": "2023-11-18T18:00:00", "city": 5}}, {"model": "competitions.match", "pk": 486, "fields": {"code": "KCG35", "competition_in_season": 16, "home_team": 128, "away_team": 124, "date_time": "2023-11-18T18:00:00", "city": 25}}, {"model": "competitions.match", "pk": 487, "fields": {"code": "KCG36", "competition_in_season": 16, "home_team": 129, "away_team": 123, "date_time": "2023-11-18T18:00:00", "city": 1}}, {"model": "competitions.match", "pk": 488, "fields": {"code": "EM1", "competition_in_season": 17, "home_team": 133, "away_team": 138, "date_time": "2024-09-28T18:00:00", "city": 27}}, {"model": "competitions.match", "pk": 489, "fields": {"code": "EM2", "competition_in_season": 17, "home_team": 134, "away_team": 136, "date_time": "2024-09-28T18:00:00", "city": 6}}, {"model": "competitions.match", "pk": 490, "fields": {"code": "EM3", "competition_in_season": 17, "home_team": 135, "away_team": 137, "date_time": "2024-09-28T18:00:00", "city": 25}}, {"model": "competitions.match", "pk": 491, "fields": {"code": "EM4", "competition_in_season": 17, "home_team": 136, "away_team": 135, "date_time": "2024-10-05T18:00:00", "city": 1}}, {"model": "competitions.match", "pk": 492, "fields": {"code": "EM5", "competition_in_season": 17, "home_team": 138, "away_team": 134, "date_time": "2024-10-05T18:00:00", "city": 19}}, {"model": "competitions.match", "pk": 493, "fields": {"code": "EM6", "competition_in_season": 17, "home_team": 132, "away_team": 133, "date_time": "2024-10-05T18:00:00", "city": 12}}, {"model": "competitions.match", "pk": 494, "fields": {"code": "EM7", "competition_in_season": 17, "home_team": 134, "away_team": 132, "date_time": "2024-10-12T18:00:00", "city": 6}}, {"model": "competitions.match", "pk": 495, "fields": {"code": "EM8", "competition_in_season": 17, "home_team": 135, "away_team": 138, "date_time": "2024-10-12T18:00:00", "city": 25}}, {"model": "competitions.match", "pk": 496, "fields": {"code": "EM9", "competition_in_season": 17, "home_team": 137, "away_team": 136, "date_time": "2024-10-12T18:00:00", "city": 13}}, {"model": "competitions.match", "pk": 497, "fields": {"code": "EM10", "competition_in_season": 17, "home_team": 138, "away_team": 137, "date_time": "2024-10-19T18:00:00", "city": 19}}, {"model": "competitions.match", "pk": 498, "fields": {"code": "EM11", "competition_in_season": 17, "home_team": 132, "away_team": 135, "date_time": "2024-10-19T18:00:00", "city": 12}}, {"model": "competitions.match", "pk": 499, "fields": {"code": "EM12", "competition_in_season": 17, "home_team": 133, "away_team": 134, "date_time": "2024-10-19T18:00:00", "city": 27}}, {"model": "competitions.match", "pk": 500, "fields": {"code": "EM13", "competition_in_season": 17, "home_team": 135, "away_team": 133, "date_time": "2024-10-26T18:00:00", "city": 25}}, {"model": "competitions.match", "pk": 501, "fields": {"code": "EM14", "competition_in_season": 17, "home_team": 137, "away_team": 132, "date_time": "2024-10-26T18:00:00", "city": 13}}, {"model": "competitions.match", "pk": 502, "fields": {"code": "EM15", "competition_in_season": 17, "home_team": 136, "away_team": 138, "date_time": "2024-10-26T18:00:00", "city": 1}}, {"model": "competitions.match", "pk": 503, "fields": {"code": "EM16", "competition_in_season": 17, "home_team": 132, "away_team": 136, "date_time": "2024-11-02T18:00:00", "city": 12}}, {"model": "competitions.match", "pk": 504, "fields": {"code": "EM17", "competition_in_season": 17, "home_team": 133, "away_team": 137, "date_time": "2024-11-02T18:00:00", "city": 27}}, {"model": "competitions.match", "pk": 505, "fields": {"code": "EM18", "competition_in_season": 17, "home_team": 134, "away_team": 135, "date_time": "2024-11-02T18:00:00", "city": 6}}, {"model": "competitions.match", "pk": 506, "fields": {"code": "EM19", "competition_in_season": 17, "home_team": 137, "away_team": 134, "date_time": "2024-11-09T18:00:00", "city": 13}}, {"model": "competitions.match", "pk": 507, "fields": {"code": "EM20", "competition_in_season": 17, "home_team": 136, "away_team": 133, "date_time": "2024-11-09T18:00:00", "city": 1}}, {"model": "competitions.match", "pk": 508, "fields": {"code": "EM21", "competition_in_season": 17, "home_team": 138, "away_team": 132, "date_time": "2024-11-09T18:00:00", "city": 19}}, {"model": "competitions.match", "pk": 509, "fields": {"code": "EW1", "competition_in_season": 18, "home_team": 139, "away_team": 141, "date_time": "2024-09-28T18:00:00", "city": 4}}, {"model": "competitions.match", "pk": 510, "fields": {"code": "EW2", "competition_in_season": 18, "home_team": 146, "away_team": 148, "date_time": "2024-09-28T18:00:00", "city": 1}}, {"model": "competitions.match", "pk": 511, "fields": {"code": "EW3", "competition_in_season": 18, "home_team": 142, "away_team": 147, "date_time": "2024-09-28T18:00:00", "city": 10}}, {"model": "competitions.match", "pk": 512, "fields": {"code": "EW4", "competition_in_season": 18, "home_team": 143, "away_team": 140, "date_time": "2024-09-28T18:00:00", "city": 7}}, {"model": "competitions.match", "pk": 513, "fields": {"code": "EW5", "competition_in_season": 18, "home_team": 144, "away_team": 145, "date_time": "2024-09-28T18:00:00", "city": 19}}, {"model": "competitions.match", "pk": 514, "fields": {"code": "EW6", "competition_in_season": 18, "home_team": 141, "away_team": 145, "date_time": "2024-10-05T18:00:00", "city": 3}}, {"model": "competitions.match", "pk": 515, "fields": {"code": "EW7", "competition_in_season": 18, "home_team": 140, "away_team": 144, "date_time": "2024-10-05T18:00:00", "city": 12}}, {"model": "competitions.match", "pk": 516, "fields": {"code": "EW8", "competition_in_season": 18, "home_team": 147, "away_team": 143, "date_time": "2024-10-05T18:00:00", "city": 1}}, {"model": "competitions.match", "pk": 517, "fields": {"code": "EW9", "competition_in_season": 18, "home_team": 148, "away_team": 142, "date_time": "2024-10-05T18:00:00", "city": 13}}, {"model": "competitions.match", "pk": 518, "fields": {"code": "EW10", "competition_in_season": 18, "home_team": 139, "away_team": 146, "date_time": "2024-10-05T18:00:00", "city": 4}}, {"model": "competitions.match", "pk": 519, "fields": {"code": "EW11", "competition_in_season": 18, "home_team": 146, "away_team": 141, "date_time": "2024-10-12T18:00:00", "city": 1}}, {"model": "competitions.match", "pk": 520, "fields": {"code": "EW12", "competition_in_season": 18, "home_team": 142, "away_team": 139, "date_time": "2024-10-12T18:00:00", "city": 10}}, {"model": "competitions.match", "pk": 521, "fields": {"code": "EW13", "competition_in_season": 18, "home_team": 143, "away_team": 148, "date_time": "2024-10-12T18:00:00", "city": 7}}, {"model": "competitions.match", "pk": 522, "fields": {"code": "EW14", "competition_in_season": 18, "home_team": 144, "away_team": 147, "date_time": "2024-10-12T18:00:00", "city": 19}}, {"model": "competitions.match", "pk": 523, "fields": {"code": "EW15", "competition_in_season": 18, "home_team": 145, "away_team": 140, "date_time": "2024-10-12T18:00:00", "city": 25}}, {"model": "competitions.match", "pk": 524, "fields": {"code": "EW16", "competition_in_season": 18, "home_team": 141, "away_team": 140, "date_time": "2024-10-19T18:00:00", "city": 3}}, {"model": "competitions.match", "pk": 525, "fields": {"code": "EW17", "competition_in_season": 18, "home_team": 147, "away_team": 145, "date_time": "2024-10-19T18:00:00", "city": 1}}, {"model": "competitions.match", "pk": 526, "fields": {"code": "EW18", "competition_in_season": 18, "home_team": 148, "away_team": 144, "date_time": "2024-10-19T18:00:00", "city": 13}}, {"model": "competitions.match", "pk": 527, "fields": {"code": "EW19", "competition_in_season": 18, "home_team": 139, "away_team": 143, "date_time": "2024-10-19T18:00:00", "city": 4}}, {"model": "competitions.match", "pk": 528, "fields": {"code": "EW20", "competition_in_season": 18, "home_team": 146, "away_team": 142, "date_time": "2024-10-19T18:00:00", "city": 1}}, {"model": "competitions.match", "pk": 529, "fields": {"code": "EW21", "competition_in_season": 18, "home_team": 142, "away_team": 141, "date_time": "2024-10-26T18:00:00", "city": 10}}, {"model": "competitions.match", "pk": 530, "fields": {"code": "EW22", "competition_in_season": 18, "home_team": 143, "away_team": 146, "date_time": "2024-10-26T18:00:00", "city": 7}}, {"model": "competitions.match", "pk": 531, "fields": {"code": "EW23", "competition_in_season": 18, "home_team": 144, "away_team": 139, "date_time": "2024-10-26T18:00:00", "city": 19}}, {"model": "competitions.match", "pk": 532, "fields": {"code": "EW24", "competition_in_season": 18, "home_team": 145, "away_team": 148, "date_time": "2024-10-26T18:00:00", "city": 25}}, {"model": "competitions.match", "pk": 533, "fields": {"code": "EW25", "competition_in_season": 18, "home_team": 140, "away_team": 147, "date_time": "2024-10-26T18:00:00", "city": 12}}, {"model": "competitions.match", "pk": 534, "fields": {"code": "EW26", "competition_in_season": 18, "home_team": 141, "away_team": 147, "date_time": "2024-11-02T18:00:00", "city": 3}}, {"model": "competitions.match", "pk": 535, "fields": {"code": "EW27", "competition_in_season": 18, "home_team": 148, "away_team": 140, "date_time": "2024-11-02T18:00:00", "city": 13}}, {"model": "competitions.match", "pk": 536, "fields": {"code": "EW28", "competition_in_season": 18, "home_team": 139, "away_team": 145, "date_time": "2024-11-02T18:00:00", "city": 4}}, {"model": "competitions.match", "pk": 537, "fields": {"code": "EW29", "competition_in_season": 18, "home_team": 146, "away_team": 144, "date_time": "2024-11-02T18:00:00", "city": 1}}, {"model": "competitions.match", "pk": 538, "fields": {"code": "EW30", "competition_in_season": 18, "home_team": 142, "away_team": 143, "date_time": "2024-11-02T18:00:00", "city": 10}}, {"model": "competitions.match", "pk": 539, "fields": {"code": "EW31", "competition_in_season": 18, "home_team": 143, "away_team": 141, "date_time": "2024-11-09T18:00:00", "city": 7}}, {"model": "competitions.match", "pk": 540, "fields": {"code": "EW32", "competition_in_season": 18, "home_team": 144, "away_team": 142, "date_time": "2024-11-09T18:00:00", "city": 19}}, {"model": "competitions.match", "pk": 541, "fields": {"code": "EW33", "competition_in_season": 18, "home_team": 145, "away_team": 146, "date_time": "2024-11-09T18:00:00", "city": 25}}, {"model": "competitions.match", "pk": 542, "fields": {"code": "EW34", "competition_in_season": 18, "home_team": 140, "away_team": 139, "date_time": "2024-11-09T18:00:00", "city": 12}}, {"model": "competitions.match", "pk": 543, "fields": {"code": "EW35", "competition_in_season": 18, "home_team": 147, "away_team": 148, "date_time": "2024-11-09T18:00:00", "city": 1}}, {"model": "competitions.match", "pk": 544, "fields": {"code": "EW36", "competition_in_season": 18, "home_team": 141, "away_team": 148, "date_time": "2024-11-16T18:00:00", "city": 3}}, {"model": "competitions.match", "pk": 545, "fields": {"code": "EW37", "competition_in_season": 18, "home_team": 139, "away_team": 147, "date_time": "2024-11-16T18:00:00", "city": 4}}, {"model": "competitions.match", "pk": 546, "fields": {"code": "EW38", "competition_in_season": 18, "home_team": 146, "away_team": 140, "date_time": "2024-11-16T18:00:00", "city": 1}}, {"model": "competitions.match", "pk": 547, "fields": {"code": "EW39", "competition_in_season": 18, "home_team": 142, "away_team": 145, "date_time": "2024-11-16T18:00:00", "city": 10}}, {"model": "competitions.match", "pk": 548, "fields": {"code": "EW40", "competition_in_season": 18, "home_team": 143, "away_team": 144, "date_time": "2024-11-16T18:00:00", "city": 7}}, {"model": "competitions.match", "pk": 549, "fields": {"code": "EW41", "competition_in_season": 18, "home_team": 144, "away_team": 141, "date_time": "2024-11-23T18:00:00", "city": 19}}, {"model": "competitions.match", "pk": 550, "fields": {"code": "EW42", "competition_in_season": 18, "home_team": 145, "away_team": 143, "date_time": "2024-11-23T18:00:00", "city": 25}}, {"model": "competitions.match", "pk": 551, "fields": {"code": "EW43", "competition_in_season": 18, "home_team": 140, "away_team": 142, "date_time": "2024-11-23T18:00:00", "city": 12}}, {"model": "competitions.match", "pk": 552, "fields": {"code": "EW44", "competition_in_season": 18, "home_team": 147, "away_team": 146, "date_time": "2024-11-23T18:00:00", "city": 1}}, {"model": "competitions.match", "pk": 553, "fields": {"code": "EW45", "competition_in_season": 18, "home_team": 148, "away_team": 139, "date_time": "2024-11-23T18:00:00", "city": 13}}, {"model": "competitions.match", "pk": 554, "fields": {"code": "1M1", "competition_in_season": 19, "home_team": 149, "away_team": 151, "date_time": "2024-09-28T18:00:00", "city": 17}}, {"model": "competitions.match", "pk": 555, "fields": {"code": "1M2", "competition_in_season": 19, "home_team": 150, "away_team": 158, "date_time": "2024-09-28T18:00:00", "city": 8}}, {"model": "competitions.match", "pk": 556, "fields": {"code": "1M3", "competition_in_season": 19, "home_team": 152, "away_team": 157, "date_time": "2024-09-28T18:00:00", "city": 4}}, {"model": "competitions.match", "pk": 557, "fields": {"code": "1M4", "competition_in_season": 19, "home_team": 153, "away_team": 156, "date_time": "2024-09-28T18:00:00", "city": 7}}, {"model": "competitions.match", "pk": 558, "fields": {"code": "1M5", "competition_in_season": 19, "home_team": 154, "away_team": 155, "date_time": "2024-09-28T18:00:00", "city": 12}}, {"model": "competitions.match", "pk": 559, "fields": {"code": "1M6", "competition_in_season": 19, "home_team": 151, "away_team": 155, "date_time": "2024-10-05T18:00:00", "city": 15}}, {"model": "competitions.match", "pk": 560, "fields": {"code": "1M7", "competition_in_season": 19, "home_team": 156, "away_team": 154, "date_time": "2024-10-05T18:00:00", "city": 1}}, {"model": "competitions.match", "pk": 561, "fields": {"code": "1M8", "competition_in_season": 19, "home_team": 157, "away_team": 153, "date_time": "2024-10-05T18:00:00", "city": 10}}, {"model": "competitions.match", "pk": 562, "fields": {"code": "1M9", "competition_in_season": 19, "home_team": 158, "away_team": 152, "date_time": "2024-10-05T18:00:00", "city": 11}}, {"model": "competitions.match", "pk": 563, "fields": {"code": "1M10", "competition_in_season": 19, "home_team": 149, "away_team": 150, "date_time": "2024-10-05T18:00:00", "city": 17}}, {"model": "competitions.match", "pk": 564, "fields": {"code": "1M11", "competition_in_season": 19, "home_team": 150, "away_team": 151, "date_time": "2024-10-12T18:00:00", "city": 8}}, {"model": "competitions.match", "pk": 565, "fields": {"code": "1M12", "competition_in_season": 19, "home_team": 152, "away_team": 149, "date_time": "2024-10-12T18:00:00", "city": 4}}, {"model": "competitions.match", "pk": 566, "fields": {"code": "1M13", "competition_in_season": 19, "home_team": 153, "away_team": 158, "date_time": "2024-10-12T18:00:00", "city": 7}}, {"model": "competitions.match", "pk": 567, "fields": {"code": "1M14", "competition_in_season": 19, "home_team": 154, "away_team": 157, "date_time": "2024-10-12T18:00:00", "city": 12}}, {"model": "competitions.match", "pk": 568, "fields": {"code": "1M15", "competition_in_season": 19, "home_team": 155, "away_team": 156, "date_time": "2024-10-12T18:00:00", "city": 23}}, {"model": "competitions.match", "pk": 569, "fields": {"code": "1M16", "competition_in_season": 19, "home_team": 151, "away_team": 156, "date_time": "2024-10-19T18:00:00", "city": 15}}, {"model": "competitions.match", "pk": 570, "fields": {"code": "1M17", "competition_in_season": 19, "home_team": 157, "away_team": 155, "date_time": "2024-10-19T18:00:00", "city": 10}}, {"model": "competitions.match", "pk": 571, "fields": {"code": "1M18", "competition_in_season": 19, "home_team": 158, "away_team": 154, "date_time": "2024-10-19T18:00:00", "city": 11}}, {"model": "competitions.match", "pk": 572, "fields": {"code": "1M19", "competition_in_season": 19, "home_team": 149, "away_team": 153, "date_time": "2024-10-19T18:00:00", "city": 17}}, {"model": "competitions.match", "pk": 573, "fields": {"code": "1M20", "competition_in_season": 19, "home_team": 150, "away_team": 152, "date_time": "2024-10-19T18:00:00", "city": 8}}, {"model": "competitions.match", "pk": 574, "fields": {"code": "1M21", "competition_in_season": 19, "home_team": 152, "away_team": 151, "date_time": "2024-10-26T18:00:00", "city": 4}}, {"model": "competitions.match", "pk": 575, "fields": {"code": "1M22", "competition_in_season": 19, "home_team": 153, "away_team": 150, "date_time": "2024-10-26T18:00:00", "city": 7}}, {"model": "competitions.match", "pk": 576, "fields": {"code": "1M23", "competition_in_season": 19, "home_team": 154, "away_team": 149, "date_time": "2024-10-26T18:00:00", "city": 12}}, {"model": "competitions.match", "pk": 577, "fields": {"code": "1M24", "competition_in_season": 19, "home_team": 155, "away_team": 158, "date_time": "2024-10-26T18:00:00", "city": 23}}, {"model": "competitions.match", "pk": 578, "fields": {"code": "1M25", "competition_in_season": 19, "home_team": 156, "away_team": 157, "date_time": "2024-10-26T18:00:00", "city": 1}}, {"model": "competitions.match", "pk": 579, "fields": {"code": "1M26", "competition_in_season": 19, "home_team": 151, "away_team": 157, "date_time": "2024-11-02T18:00:00", "city": 15}}, {"model": "competitions.match", "pk": 580, "fields": {"code": "1M27", "competition_in_season": 19, "home_team": 158, "away_team": 156, "date_time": "2024-11-02T18:00:00", "city": 11}}, {"model": "competitions.match", "pk": 581, "fields": {"code": "1M28", "competition_in_season": 19, "home_team": 149, "away_team": 155, "date_time": "2024-11-02T18:00:00", "city": 17}}, {"model": "competitions.match", "pk": 582, "fields": {"code": "1M29", "competition_in_season": 19, "home_team": 150, "away_team": 154, "date_time": "2024-11-02T18:00:00", "city": 8}}, {"model": "competitions.match", "pk": 583, "fields": {"code": "1M30", "competition_in_season": 19, "home_team": 152, "away_team": 153, "date_time": "2024-11-02T18:00:00", "city": 4}}, {"model": "competitions.match", "pk": 584, "fields": {"code": "1M31", "competition_in_season": 19, "home_team": 153, "away_team": 151, "date_time": "2024-11-09T18:00:00", "city": 7}}, {"model": "competitions.match", "pk": 585, "fields": {"code": "1M32", "competition_in_season": 19, "home_team": 154, "away_team": 152, "date_time": "2024-11-09T18:00:00", "city": 12}}, {"model": "competitions.match", "pk": 586, "fields": {"code": "1M33", "competition_in_season": 19, "home_team": 155, "away_team": 150, "date_time": "2024-11-09T18:00:00", "city": 23}}, {"model": "competitions.match", "pk": 587, "fields": {"code": "1M34", "competition_in_season": 19, "home_team": 156, "away_team": 149, "date_time": "2024-11-09T18:00:00", "city": 1}}, {"model": "competitions.match", "pk": 588, "fields": {"code": "1M35", "competition_in_season": 19, "home_team": 157, "away_team": 158, "date_time": "2024-11-09T18:00:00", "city": 10}}, {"model": "competitions.match", "pk": 589, "fields": {"code": "1M36", "competition_in_season": 19, "home_team": 151, "away_team": 158, "date_time": "2024-11-16T18:00:00", "city": 15}}, {"model": "competitions.match", "pk": 590, "fields": {"code": "1M37", "competition_in_season": 19, "home_team": 149, "away_team": 157, "date_time": "2024-11-16T18:00:00", "city": 17}}, {"model": "competitions.match", "pk": 591, "fields": {"code": "1M38", "competition_in_season": 19, "home_team": 150, "away_team": 156, "date_time": "2024-11-16T18:00:00", "city": 8}}, {"model": "competitions.match", "pk": 592, "fields": {"code": "1M39", "competition_in_season": 19, "home_team": 152, "away_team": 155, "date_time": "2024-11-16T18:00:00", "city": 4}}, {"model": "competitions.match", "pk": 593, "fields": {"code": "1M40", "competition_in_season": 19, "home_team": 153, "away_team": 154, "date_time": "2024-11-16T18:00:00", "city": 7}}, {"model": "competitions.match", "pk": 594, "fields": {"code": "1M41", "competition_in_season": 19, "home_team": 154, "away_team": 151, "date_time": "2024-11-23T18:00:00", "city": 12}}, {"model": "competitions.match", "pk": 595, "fields": {"code": "1M42", "competition_in_season": 19, "home_team": 155, "away_team": 153, "date_time": "2024-11-23T18:00:00", "city": 23}}, {"model": "competitions.match", "pk": 596, "fields": {"code": "1M43", "competition_in_season": 19, "home_team": 156, "away_team": 152, "date_time": "2024-11-23T18:00:00", "city": 1}}, {"model": "competitions.match", "pk": 597, "fields": {"code": "1M44", "competition_in_season": 19, "home_team": 157, "away_team": 150, "date_time": "2024-11-23T18:00:00", "city": 10}}, {"model": "competitions.match", "pk": 598, "fields": {"code": "1M45", "competition_in_season": 19, "home_team": 158, "away_team": 149, "date_time": "2024-11-23T18:00:00", "city": 11}}, {"model": "competitions.match", "pk": 599, "fields": {"code": "1W1", "competition_in_season": 20, "home_team": 160, "away_team": 163, "date_time": "2024-09-28T18:00:00", "city": 16}}, {"model": "competitions.match", "pk": 600, "fields": {"code": "1W2", "competition_in_season": 20, "home_team": 161, "away_team": 162, "date_time": "2024-09-28T18:00:00", "city": 13}}, {"model": "competitions.match", "pk": 601, "fields": {"code": "1W3", "competition_in_season": 20, "home_team": 164, "away_team": 165, "date_time": "2024-09-28T18:00:00", "city": 65}}, {"model": "competitions.match", "pk": 602, "fields": {"code": "1W4", "competition_in_season": 20, "home_team": 162, "away_team": 164, "date_time": "2024-10-05T18:00:00", "city": 25}}, {"model": "competitions.match", "pk": 603, "fields": {"code": "1W5", "competition_in_season": 20, "home_team": 163, "away_team": 161, "date_time": "2024-10-05T18:00:00", "city": 20}}, {"model": "competitions.match", "pk": 604, "fields": {"code": "1W6", "competition_in_season": 20, "home_team": 159, "away_team": 160, "date_time": "2024-10-05T18:00:00", "city": 4}}, {"model": "competitions.match", "pk": 605, "fields": {"code": "1W7", "competition_in_season": 20, "home_team": 161, "away_team": 159, "date_time": "2024-10-12T18:00:00", "city": 13}}, {"model": "competitions.match", "pk": 606, "fields": {"code": "1W8", "competition_in_season": 20, "home_team": 164, "away_team": 163, "date_time": "2024-10-12T18:00:00", "city": 65}}, {"model": "competitions.match", "pk": 607, "fields": {"code": "1W9", "competition_in_season": 20, "home_team": 165, "away_team": 162, "date_time": "2024-10-12T18:00:00", "city": 13}}, {"model": "competitions.match", "pk": 608, "fields": {"code": "1W10", "competition_in_season": 20, "home_team": 163, "away_team": 165, "date_time": "2024-10-19T18:00:00", "city": 20}}, {"model": "competitions.match", "pk": 609, "fields": {"code": "1W11", "competition_in_season": 20, "home_team": 159, "away_team": 164, "date_time": "2024-10-19T18:00:00", "city": 4}}, {"model": "competitions.match", "pk": 610, "fields": {"code": "1W12", "competition_in_season": 20, "home_team": 160, "away_team": 161, "date_time": "2024-10-19T18:00:00", "city": 16}}, {"model": "competitions.match", "pk": 611, "fields": {"code": "1W13", "competition_in_season": 20, "home_team": 164, "away_team": 160, "date_time": "2024-10-26T18:00:00", "city": 65}}, {"model": "competitions.match", "pk": 612, "fields": {"code": "1W14", "competition_in_season": 20, "home_team": 165, "away_team": 159, "date_time": "2024-10-26T18:00:00", "city": 13}}, {"model": "competitions.match", "pk": 613, "fields": {"code": "1W15", "competition_in_season": 20, "home_team": 162, "away_team": 163, "date_time": "2024-10-26T18:00:00", "city": 25}}, {"model": "competitions.match", "pk": 614, "fields": {"code": "1W16", "competition_in_season": 20, "home_team": 159, "away_team": 162, "date_time": "2024-11-02T18:00:00", "city": 4}}, {"model": "competitions.match", "pk": 615, "fields": {"code": "1W17", "competition_in_season": 20, "home_team": 160, "away_team": 165, "date_time": "2024-11-02T18:00:00", "city": 16}}, {"model": "competitions.match", "pk": 616, "fields": {"code": "1W18", "competition_in_season": 20, "home_team": 161, "away_team": 164, "date_time": "2024-11-02T18:00:00", "city": 13}}, {"model": "competitions.match", "pk": 617, "fields": {"code": "1W19", "competition_in_season": 20, "home_team": 165, "away_team": 161, "date_time": "2024-11-09T18:00:00", "city": 13}}, {"model": "competitions.match", "pk": 618, "fields": {"code": "1W20", "competition_in_season": 20, "home_team": 162, "away_team": 160, "date_time": "2024-11-09T18:00:00", "city": 25}}, {"model": "competitions.match", "pk": 619, "fields": {"code": "1W21", "competition_in_season": 20, "home_team": 163, "away_team": 159, "date_time": "2024-11-09T18:00:00", "city": 20}}, {"model": "competitions.match", "pk": 620, "fields": {"code": "1JB1", "competition_in_season": 21, "home_team": 166, "away_team": 171, "date_time": "2024-09-28T18:00:00", "city": 8}}, {"model": "competitions.match", "pk": 621, "fields": {"code": "1JB2", "competition_in_season": 21, "home_team": 167, "away_team": 170, "date_time": "2024-09-28T18:00:00", "city": 6}}, {"model": "competitions.match", "pk": 622, "fields": {"code": "1JB3", "competition_in_season": 21, "home_team": 168, "away_team": 169, "date_time": "2024-09-28T18:00:00", "city": 4}}, {"model": "competitions.match", "pk": 623, "fields": {"code": "1JB4", "competition_in_season": 21, "home_team": 171, "away_team": 169, "date_time": "2024-10-05T18:00:00", "city": 1}}, {"model": "competitions.match", "pk": 624, "fields": {"code": "1JB5", "competition_in_season": 21, "home_team": 170, "away_team": 168, "date_time": "2024-10-05T18:00:00", "city": 13}}, {"model": "competitions.match", "pk": 625, "fields": {"code": "1JB6", "competition_in_season": 21, "home_team": 166, "away_team": 167, "date_time": "2024-10-05T18:00:00", "city": 8}}, {"model": "competitions.match", "pk": 626, "fields": {"code": "1JB7", "competition_in_season": 21, "home_team": 167, "away_team": 171, "date_time": "2024-10-12T18:00:00", "city": 6}}, {"model": "competitions.match", "pk": 627, "fields": {"code": "1JB8", "competition_in_season": 21, "home_team": 168, "away_team": 166, "date_time": "2024-10-12T18:00:00", "city": 4}}, {"model": "competitions.match", "pk": 628, "fields": {"code": "1JB9", "competition_in_season": 21, "home_team": 169, "away_team": 170, "date_time": "2024-10-12T18:00:00", "city": 7}}, {"model": "competitions.match", "pk": 629, "fields": {"code": "1JB10", "competition_in_season": 21, "home_team": 171, "away_team": 170, "date_time": "2024-10-19T18:00:00", "city": 1}}, {"model": "competitions.match", "pk": 630, "fields": {"code": "1JB11", "competition_in_season": 21, "home_team": 166, "away_team": 169, "date_time": "2024-10-19T18:00:00", "city": 8}}, {"model": "competitions.match", "pk": 631, "fields": {"code": "1JB12", "competition_in_season": 21, "home_team": 167, "away_team": 168, "date_time": "2024-10-19T18:00:00", "city": 6}}, {"model": "competitions.match", "pk": 632, "fields": {"code": "1JB13", "competition_in_season": 21, "home_team": 168, "away_team": 171, "date_time": "2024-10-26T18:00:00", "city": 4}}, {"model": "competitions.match", "pk": 633, "fields": {"code": "1JB14", "competition_in_season": 21, "home_team": 169, "away_team": 167, "date_time": "2024-10-26T18:00:00", "city": 7}}, {"model": "competitions.match", "pk": 634, "fields": {"code": "1JB15", "competition_in_season": 21, "home_team": 170, "away_team": 166, "date_time": "2024-10-26T18:00:00", "city": 13}}, {"model": "competitions.match", "pk": 635, "fields": {"code": "1JG1", "competition_in_season": 22, "home_team": 173, "away_team": 178, "date_time": "2024-09-28T18:00:00", "city": 28}}, {"model": "competitions.match", "pk": 636, "fields": {"code": "1JG2", "competition_in_season": 22, "home_team": 174, "away_team": 177, "date_time": "2024-09-28T18:00:00", "city": 14}}, {"model": "competitions.match", "pk": 637, "fields": {"code": "1JG3", "competition_in_season": 22, "home_team": 175, "away_team": 180, "date_time": "2024-09-28T18:00:00", "city": 1}}, {"model": "competitions.match", "pk": 638, "fields": {"code": "1JG4", "competition_in_season": 22, "home_team": 176, "away_team": 179, "date_time": "2024-09-28T18:00:00", "city": 13}}, {"model": "competitions.match", "pk": 639, "fields": {"code": "1JG5", "competition_in_season": 22, "home_team": 180, "away_team": 176, "date_time": "2024-10-05T18:00:00", "city": 5}}, {"model": "competitions.match", "pk": 640, "fields": {"code": "1JG6", "competition_in_season": 22, "home_team": 177, "away_team": 175, "date_time": "2024-10-05T18:00:00", "city": 25}}, {"model": "competitions.match", "pk": 641, "fields": {"code": "1JG7", "competition_in_season": 22, "home_team": 178, "away_team": 174, "date_time": "2024-10-05T18:00:00", "city": 1}}, {"model": "competitions.match", "pk": 642, "fields": {"code": "1JG8", "competition_in_season": 22, "home_team": 172, "away_team": 173, "date_time": "2024-10-05T18:00:00", "city": 4}}, {"model": "competitions.match", "pk": 643, "fields": {"code": "1JG9", "competition_in_season": 22, "home_team": 174, "away_team": 172, "date_time": "2024-10-12T18:00:00", "city": 14}}, {"model": "competitions.match", "pk": 644, "fields": {"code": "1JG10", "competition_in_season": 22, "home_team": 175, "away_team": 178, "date_time": "2024-10-12T18:00:00", "city": 1}}, {"model": "competitions.match", "pk": 645, "fields": {"code": "1JG11", "competition_in_season": 22, "home_team": 176, "away_team": 177, "date_time": "2024-10-12T18:00:00", "city": 13}}, {"model": "competitions.match", "pk": 646, "fields": {"code": "1JG12", "competition_in_season": 22, "home_team": 179, "away_team": 180, "date_time": "2024-10-12T18:00:00", "city": 7}}, {"model": "competitions.match", "pk": 647, "fields": {"code": "1JG13", "competition_in_season": 22, "home_team": 177, "away_team": 179, "date_time": "2024-10-19T18:00:00", "city": 25}}, {"model": "competitions.match", "pk": 648, "fields": {"code": "1JG14", "competition_in_season": 22, "home_team": 178, "away_team": 176, "date_time": "2024-10-19T18:00:00", "city": 1}}, {"model": "competitions.match", "pk": 649, "fields": {"code": "1JG15", "competition_in_season": 22, "home_team": 172, "away_team": 175, "date_time": "2024-10-19T18:00:00", "city": 4}}, {"model": "competitions.match", "pk": 650, "fields": {"code": "1JG16", "competition_in_season": 22, "home_team": 173, "away_team": 174, "date_time": "2024-10-19T18:00:00", "city": 28}}, {"model": "competitions.match", "pk": 651, "fields": {"code": "1JG17", "competition_in_season": 22, "home_team": 175, "away_team": 173, "date_time": "2024-10-26T18:00:00", "city": 1}}, {"model": "competitions.match", "pk": 652, "fields": {"code": "1JG18", "competition_in_season": 22, "home_team": 176, "away_team": 172, "date_time": "2024-10-26T18:00:00", "city": 13}}, {"model": "competitions.match", "pk": 653, "fields": {"code": "1JG19", "competition_in_season": 22, "home_team": 179, "away_team": 178, "date_time": "2024-10-26T18:00:00", "city": 7}}, {"model": "competitions.match", "pk": 654, "fields": {"code": "1JG20", "competition_in_season": 22, "home_team": 180, "away_team": 177, "date_time": "2024-10-26T18:00:00", "city": 5}}, {"model": "competitions.match", "pk": 655, "fields": {"code": "1JG21", "competition_in_season": 22, "home_team": 178, "away_team": 180, "date_time": "2024-11-02T18:00:00", "city": 1}}, {"model": "competitions.match", "pk": 656, "fields": {"code": "1JG22", "competition_in_season": 22, "home_team": 172, "away_team": 179, "date_time": "2024-11-02T18:00:00", "city": 4}}, {"model": "competitions.match", "pk": 657, "fields": {"code": "1JG23", "competition_in_season": 22, "home_team": 173, "away_team": 176, "date_time": "2024-11-02T18:00:00", "city": 28}}, {"model": "competitions.match", "pk": 658, "fields": {"code": "1JG24", "competition_in_season": 22, "home_team": 174, "away_team": 175, "date_time": "2024-11-02T18:00:00", "city": 14}}, {"model": "competitions.match", "pk": 659, "fields": {"code": "1JG25", "competition_in_season": 22, "home_team": 176, "away_team": 174, "date_time": "2024-11-09T18:00:00", "city": 13}}, {"model": "competitions.match", "pk": 660, "fields": {"code": "1JG26", "competition_in_season": 22, "home_team": 179, "away_team": 173, "date_time": "2024-11-09T18:00:00", "city": 7}}, {"model": "competitions.match", "pk": 661, "fields": {"code": "1JG27", "competition_in_season": 22, "home_team": 180, "away_team": 172, "date_time": "2024-11-09T18:00:00", "city": 5}}, {"model": "competitions.match", "pk": 662, "fields": {"code": "1JG28", "competition_in_season": 22, "home_team": 177, "away_team": 178, "date_time": "2024-11-09T18:00:00", "city": 25}}, {"model": "competitions.match", "pk": 663, "fields": {"code": "1JG29", "competition_in_season": 22, "home_team": 172, "away_team": 177, "date_time": "2024-11-16T18:00:00", "city": 4}}, {"model": "competitions.match", "pk": 664, "fields": {"code": "1JG30", "competition_in_season": 22, "home_team": 173, "away_team": 180, "date_time": "2024-11-16T18:00:00", "city": 28}}, {"model": "competitions.match", "pk": 665, "fields": {"code": "1JG31", "competition_in_season": 22, "home_team": 174, "away_team": 179, "date_time": "2024-11-16T18:00:00", "city": 14}}, {"model": "competitions.match", "pk": 666, "fields": {"code": "1JG32", "competition_in_season": 22, "home_team": 175, "away_team": 176, "date_time": "2024-11-16T18:00:00", "city": 1}}, {"model": "competitions.match", "pk": 667, "fields": {"code": "1JG33", "competition_in_season": 22, "home_team": 179, "away_team": 175, "date_time": "2024-11-23T18:00:00", "city": 7}}, {"model": "competitions.match", "pk": 668, "fields": {"code": "1JG34", "competition_in_season": 22, "home_team": 180, "away_team": 174, "date_time": "2024-11-23T18:00:00", "city": 5}}, {"model": "competitions.match", "pk": 669, "fields": {"code": "1JG35", "competition_in_season": 22, "home_team": 177, "away_team": 173, "date_time": "2024-11-23T18:00:00", "city": 25}}, {"model": "competitions.match", "pk": 670, "fields": {"code": "1JG36", "competition_in_season": 22, "home_team": 178, "away_team": 172, "date_time": "2024-11-23T18:00:00", "city": 1}}, {"model": "competitions.match", "pk": 671, "fields": {"code": "KCB1", "competition_in_season": 23, "home_team": 183, "away_team": 181, "date_time": "2024-09-28T18:00:00", "city": 6}}, {"model": "competitions.match", "pk": 672, "fields": {"code": "KCB2", "competition_in_season": 23, "home_team": 184, "away_team": 187, "date_time": "2024-09-28T18:00:00", "city": 4}}, {"model": "competitions.match", "pk": 673, "fields": {"code": "KCB3", "competition_in_season": 23, "home_team": 185, "away_team": 186, "date_time": "2024-09-28T18:00:00", "city": 7}}, {"model": "competitions.match", "pk": 674, "fields": {"code": "KCB4", "competition_in_season": 23, "home_team": 187, "away_team": 185, "date_time": "2024-10-05T18:00:00", "city": 1}}, {"model": "competitions.match", "pk": 675, "fields": {"code": "KCB5", "competition_in_season": 23, "home_team": 181, "away_team": 184, "date_time": "2024-10-05T18:00:00", "city": 13}}, {"model": "competitions.match", "pk": 676, "fields": {"code": "KCB6", "competition_in_season": 23, "home_team": 182, "away_team": 183, "date_time": "2024-10-05T18:00:00", "city": 8}}, {"model": "competitions.match", "pk": 677, "fields": {"code": "KCB7", "competition_in_season": 23, "home_team": 184, "away_team": 182, "date_time": "2024-10-12T18:00:00", "city": 4}}, {"model": "competitions.match", "pk": 678, "fields": {"code": "KCB8", "competition_in_season": 23, "home_team": 185, "away_team": 181, "date_time": "2024-10-12T18:00:00", "city": 7}}, {"model": "competitions.match", "pk": 679, "fields": {"code": "KCB9", "competition_in_season": 23, "home_team": 186, "away_team": 187, "date_time": "2024-10-12T18:00:00", "city": 13}}, {"model": "competitions.match", "pk": 680, "fields": {"code": "KCB10", "competition_in_season": 23, "home_team": 181, "away_team": 186, "date_time": "2024-10-19T18:00:00", "city": 13}}, {"model": "competitions.match", "pk": 681, "fields": {"code": "KCB11", "competition_in_season": 23, "home_team": 182, "away_team": 185, "date_time": "2024-10-19T18:00:00", "city": 8}}, {"model": "competitions.match", "pk": 682, "fields": {"code": "KCB12", "competition_in_season": 23, "home_team": 183, "away_team": 184, "date_time": "2024-10-19T18:00:00", "city": 6}}, {"model": "competitions.match", "pk": 683, "fields": {"code": "KCB13", "competition_in_season": 23, "home_team": 185, "away_team": 183, "date_time": "2024-10-26T18:00:00", "city": 7}}, {"model": "competitions.match", "pk": 684, "fields": {"code": "KCB14", "competition_in_season": 23, "home_team": 186, "away_team": 182, "date_time": "2024-10-26T18:00:00", "city": 13}}, {"model": "competitions.match", "pk": 685, "fields": {"code": "KCB15", "competition_in_season": 23, "home_team": 187, "away_team": 181, "date_time": "2024-10-26T18:00:00", "city": 1}}, {"model": "competitions.match", "pk": 686, "fields": {"code": "KCB16", "competition_in_season": 23, "home_team": 182, "away_team": 187, "date_time": "2024-11-02T18:00:00", "city": 8}}, {"model": "competitions.match", "pk": 687, "fields": {"code": "KCB17", "competition_in_season": 23, "home_team": 183, "away_team": 186, "date_time": "2024-11-02T18:00:00", "city": 6}}, {"model": "competitions.match", "pk": 688, "fields": {"code": "KCB18", "competition_in_season": 23, "home_team": 184, "away_team": 185, "date_time": "2024-11-02T18:00:00", "city": 4}}, {"model": "competitions.match", "pk": 689, "fields": {"code": "KCB19", "competition_in_season": 23, "home_team": 186, "away_team": 184, "date_time": "2024-11-09T18:00:00", "city": 13}}, {"model": "competitions.match", "pk": 690, "fields": {"code": "KCB20", "competition_in_season": 23, "home_team": 187, "away_team": 183, "date_time": "2024-11-09T18:00:00", "city": 1}}, {"model": "competitions.match", "pk": 691, "fields": {"code": "KCB21", "competition_in_season": 23, "home_team": 181, "away_team": 182, "date_time": "2024-11-09T18:00:00", "city": 13}}, {"model": "competitions.match", "pk": 692, "fields": {"code": "KCG1", "competition_in_season": 24, "home_team": 189, "away_team": 194, "date_time": "2024-09-28T18:00:00", "city": 28}}, {"model": "competitions.match", "pk": 693, "fields": {"code": "KCG2", "competition_in_season": 24, "home_team": 190, "away_team": 193, "date_time": "2024-09-28T18:00:00", "city": 14}}, {"model": "competitions.match", "pk": 694, "fields": {"code": "KCG3", "competition_in_season": 24, "home_team": 191, "away_team": 196, "date_time": "2024-09-28T18:00:00", "city": 1}}, {"model": "competitions.match", "pk": 695, "fields": {"code": "KCG4", "competition_in_season": 24, "home_team": 192, "away_team": 195, "date_time": "2024-09-28T18:00:00", "city": 13}}, {"model": "competitions.match", "pk": 696, "fields": {"code": "KCG5", "competition_in_season": 24, "home_team": 196, "away_team": 192, "date_time": "2024-10-05T18:00:00", "city": 5}}, {"model": "competitions.match", "pk": 697, "fields": {"code": "KCG6", "competition_in_season": 24, "home_team": 193, "away_team": 191, "date_time": "2024-10-05T18:00:00", "city": 25}}, {"model": "competitions.match", "pk": 698, "fields": {"code": "KCG7", "competition_in_season": 24, "home_team": 194, "away_team": 190, "date_time": "2024-10-05T18:00:00", "city": 1}}, {"model": "competitions.match", "pk": 699, "fields": {"code": "KCG8", "competition_in_season": 24, "home_team": 188, "away_team": 189, "date_time": "2024-10-05T18:00:00", "city": 4}}, {"model": "competitions.match", "pk": 700, "fields": {"code": "KCG9", "competition_in_season": 24, "home_team": 190, "away_team": 188, "date_time": "2024-10-12T18:00:00", "city": 14}}, {"model": "competitions.match", "pk": 701, "fields": {"code": "KCG10", "competition_in_season": 24, "home_team": 191, "away_team": 194, "date_time": "2024-10-12T18:00:00", "city": 1}}, {"model": "competitions.match", "pk": 702, "fields": {"code": "KCG11", "competition_in_season": 24, "home_team": 192, "away_team": 193, "date_time": "2024-10-12T18:00:00", "city": 13}}, {"model": "competitions.match", "pk": 703, "fields": {"code": "KCG12", "competition_in_season": 24, "home_team": 195, "away_team": 196, "date_time": "2024-10-12T18:00:00", "city": 7}}, {"model": "competitions.match", "pk": 704, "fields": {"code": "KCG13", "competition_in_season": 24, "home_team": 193, "away_team": 195, "date_time": "2024-10-19T18:00:00", "city": 25}}, {"model": "competitions.match", "pk": 705, "fields": {"code": "KCG14", "competition_in_season": 24, "home_team": 194, "away_team": 192, "date_time": "2024-10-19T18:00:00", "city": 1}}, {"model": "competitions.match", "pk": 706, "fields": {"code": "KCG15", "competition_in_season": 24, "home_team": 188, "away_team": 191, "date_time": "2024-10-19T18:00:00", "city": 4}}, {"model": "competitions.match", "pk": 707, "fields": {"code": "KCG16", "competition_in_season": 24, "home_team": 189, "away_team": 190, "date_time": "2024-10-19T18:00:00", "city": 28}}, {"model": "competitions.match", "pk": 708, "fields": {"code": "KCG17", "competition_in_season": 24, "home_team": 191, "away_team": 189, "date_time": "2024-10-26T18:00:00", "city": 1}}, {"model": "competitions.match", "pk": 709, "fields": {"code": "KCG18", "competition_in_season": 24, "home_team": 192, "away_team": 188, "date_time": "2024-10-26T18:00:00", "city": 13}}, {"model": "competitions.match", "pk": 710, "fields": {"code": "KCG19", "competition_in_season": 24, "home_team": 195, "away_team": 194, "date_time": "2024-10-26T18:00:00", "city": 7}}, {"model": "competitions.match", "pk": 711, "fields": {"code": "KCG20", "competition_in_season": 24, "home_team": 196, "away_team": 193, "date_time": "2024-10-26T18:00:00", "city": 5}}, {"model": "competitions.match", "pk": 712, "fields": {"code": "KCG21", "competition_in_season": 24, "home_team": 194, "away_team": 196, "date_time": "2024-11-02T18:00:00", "city": 1}}, {"model": "competitions.match", "pk": 713, "fields": {"code": "KCG22", "competition_in_season": 24, "home_team": 188, "away_team": 195, "date_time": "2024-11-02T18:00:00", "city": 4}}, {"model": "competitions.match", "pk": 714, "fields": {"code": "KCG23", "competition_in_season": 24, "home_team": 189, "away_team": 192, "date_time": "2024-11-02T18:00:00", "city": 28}}, {"model": "competitions.match", "pk": 715, "fields": {"code": "KCG24", "competition_in_season": 24, "home_team": 190, "away_team": 191, "date_time": "2024-11-02T18:00:00", "city": 14}}, {"model": "competitions.match", "pk": 716, "fields": {"code": "KCG25", "competition_in_season": 24, "home_team": 192, "away_team": 190, "date_time": "2024-11-09T18:00:00", "city": 13}}, {"model": "competitions.match", "pk": 717, "fields": {"code": "KCG26", "competition_in_season": 24, "home_team": 195, "away_team": 189, "date_time": "2024-11-09T18:00:00", "city": 7}}, {"model": "competitions.match", "pk": 718, "fields": {"code": "KCG27", "competition_in_season": 24, "home_team": 196, "away_team": 188, "date_time": "2024-11-09T18:00:00", "city": 5}}, {"model": "competitions.match", "pk": 719, "fields": {"code": "KCG28", "competition_in_season": 24, "home_team": 193, "away_team": 194, "date_time": "2024-11-09T18:00:00", "city": 25}}, {"model": "competitions.match", "pk": 720, "fields": {"code": "KCG29", "competition_in_season": 24, "home_team": 188, "away_team": 193, "date_time": "2024-11-16T18:00:00", "city": 4}}, {"model": "competitions.match", "pk": 721, "fields": {"code": "KCG30", "competition_in_season": 24, "home_team": 189, "away_team": 196, "date_time": "2024-11-16T18:00:00", "city": 28}}, {"model": "competitions.match", "pk": 722, "fields": {"code": "KCG31", "competition_in_season": 24, "home_team": 190, "away_team": 195, "date_time": "2024-11-16T18:00:00", "city": 14}}, {"model": "competitions.match", "pk": 723, "fields": {"code": "KCG32", "competition_in_season": 24, "home_team": 191, "away_team": 192, "date_time": "2024-11-16T18:00:00", "city": 1}}, {"model": "competitions.match", "pk": 724, "fields": {"code": "KCG33", "competition_in_season": 24, "home_team": 195, "away_team": 191, "date_time": "2024-11-23T18:00:00", "city": 7}}, {"model": "competitions.match", "pk": 725, "fields": {"code": "KCG34", "competition_in_season": 24, "home_team": 196, "away_team": 190, "date_time": "2024-11-23T18:00:00", "city": 5}}, {"model": "competitions.match", "pk": 726, "fields": {"code": "KCG35", "competition_in_season": 24, "home_team": 193, "away_team": 189, "date_time": "2024-11-23T18:00:00", "city": 25}}, {"model": "competitions.match", "pk": 727, "fields": {"code": "KCG36", "competition_in_season": 24, "home_team": 194, "away_team": 188, "date_time": "2024-11-23T18:00:00", "city": 1}}]