[{"model": "admin.logentry", "pk": 1, "fields": {"action_time": "2024-09-24T08:11:55.432", "user": 1, "content_type": 15, "object_id": "1", "object_repr": "2022/2023", "action_flag": 1, "change_message": "[{\"added\": {}}]"}}, {"model": "admin.logentry", "pk": 2, "fields": {"action_time": "2024-09-24T08:12:39.051", "user": 1, "content_type": 15, "object_id": "2", "object_repr": "2023/2024", "action_flag": 1, "change_message": "[{\"added\": {}}]"}}, {"model": "admin.logentry", "pk": 3, "fields": {"action_time": "2024-09-24T08:13:06.403", "user": 1, "content_type": 15, "object_id": "3", "object_repr": "2024/2025", "action_flag": 1, "change_message": "[{\"added\": {}}]"}}, {"model": "admin.logentry", "pk": 4, "fields": {"action_time": "2024-09-24T08:16:40.549", "user": 1, "content_type": 15, "object_id": "3", "object_repr": "2024/2025", "action_flag": 2, "change_message": "[]"}}, {"model": "admin.logentry", "pk": 5, "fields": {"action_time": "2024-09-24T08:20:10.348", "user": 1, "content_type": 14, "object_id": "1", "object_repr": "extra_league", "action_flag": 1, "change_message": "[{\"added\": {}}]"}}, {"model": "admin.logentry", "pk": 6, "fields": {"action_time": "2024-09-24T08:21:01.907", "user": 1, "content_type": 14, "object_id": "2", "object_repr": "first_league", "action_flag": 1, "change_message": "[{\"added\": {}}]"}}, {"model": "admin.logentry", "pk": 7, "fields": {"action_time": "2024-09-24T08:21:04.468", "user": 1, "content_type": 14, "object_id": "3", "object_repr": "regional", "action_flag": 1, "change_message": "[{\"added\": {}}]"}}, {"model": "admin.logentry", "pk": 8, "fields": {"action_time": "2024-09-24T08:25:27.972", "user": 1, "content_type": 9, "object_id": "1", "object_repr": "Licence = AM", "action_flag": 1, "change_message": "[{\"added\": {}}]"}}, {"model": "admin.logentry", "pk": 9, "fields": {"action_time": "2024-09-24T08:26:01.562", "user": 1, "content_type": 9, "object_id": "2", "object_repr": "Licence = A", "action_flag": 1, "change_message": "[{\"added\": {}}]"}}, {"model": "admin.logentry", "pk": 10, "fields": {"action_time": "2024-09-24T08:26:10.652", "user": 1, "content_type": 9, "object_id": "3", "object_repr": "Licence = B", "action_flag": 1, "change_message": "[{\"added\": {}}]"}}, {"model": "admin.logentry", "pk": 11, "fields": {"action_time": "2024-09-24T08:26:28.304", "user": 1, "content_type": 9, "object_id": "4", "object_repr": "Licence = C", "action_flag": 1, "change_message": "[{\"added\": {}}]"}}, {"model": "admin.logentry", "pk": 12, "fields": {"action_time": "2024-09-24T10:55:54.031", "user": 1, "content_type": 13, "object_id": "1", "object_repr": "Extraliga muži", "action_flag": 1, "change_message": "[{\"added\": {}}]"}}, {"model": "admin.logentry", "pk": 13, "fields": {"action_time": "2024-09-24T10:56:04.720", "user": 1, "content_type": 13, "object_id": "2", "object_repr": "Extraliga ženy", "action_flag": 1, "change_message": "[{\"added\": {}}]"}}, {"model": "admin.logentry", "pk": 14, "fields": {"action_time": "2024-09-24T10:56:13.796", "user": 1, "content_type": 13, "object_id": "3", "object_repr": "1. liga muži", "action_flag": 1, "change_message": "[{\"added\": {}}]"}}, {"model": "admin.logentry", "pk": 15, "fields": {"action_time": "2024-09-24T10:56:24.664", "user": 1, "content_type": 13, "object_id": "4", "object_repr": "1. liga ženy", "action_flag": 1, "change_message": "[{\"added\": {}}]"}}, {"model": "admin.logentry", "pk": 16, "fields": {"action_time": "2024-09-24T10:56:53.301", "user": 1, "content_type": 13, "object_id": "5", "object_repr": "1. liga juniori", "action_flag": 1, "change_message": "[{\"added\": {}}]"}}, {"model": "admin.logentry", "pk": 17, "fields": {"action_time": "2024-09-24T10:57:06.059", "user": 1, "content_type": 13, "object_id": "6", "object_repr": "1. liga juniorky", "action_flag": 1, "change_message": "[{\"added\": {}}]"}}, {"model": "admin.logentry", "pk": 18, "fields": {"action_time": "2024-09-24T10:57:15.805", "user": 1, "content_type": 13, "object_id": "7", "object_repr": "Kadeti západ", "action_flag": 1, "change_message": "[{\"added\": {}}]"}}, {"model": "admin.logentry", "pk": 19, "fields": {"action_time": "2024-09-24T10:57:22.432", "user": 1, "content_type": 13, "object_id": "8", "object_repr": "Kadetky západ", "action_flag": 1, "change_message": "[{\"added\": {}}]"}}, {"model": "admin.logentry", "pk": 20, "fields": {"action_time": "2024-09-24T11:08:31.902", "user": 1, "content_type": 16, "object_id": "1", "object_repr": "Extraliga muži 2022/2023", "action_flag": 1, "change_message": "[{\"added\": {}}]"}}, {"model": "admin.logentry", "pk": 21, "fields": {"action_time": "2024-09-24T11:08:36.798", "user": 1, "content_type": 16, "object_id": "2", "object_repr": "Extraliga ženy 2022/2023", "action_flag": 1, "change_message": "[{\"added\": {}}]"}}, {"model": "admin.logentry", "pk": 22, "fields": {"action_time": "2024-09-24T11:09:19.014", "user": 1, "content_type": 16, "object_id": "3", "object_repr": "1. liga juniori 2022/2023", "action_flag": 1, "change_message": "[{\"added\": {}}]"}}, {"model": "admin.logentry", "pk": 23, "fields": {"action_time": "2024-09-24T11:09:24.796", "user": 1, "content_type": 16, "object_id": "4", "object_repr": "1. liga juniorky 2022/2023", "action_flag": 1, "change_message": "[{\"added\": {}}]"}}, {"model": "admin.logentry", "pk": 24, "fields": {"action_time": "2024-09-24T11:16:42.625", "user": 1, "content_type": 16, "object_id": "3", "object_repr": "1. liga muži 2022/2023", "action_flag": 2, "change_message": "[{\"changed\": {\"fields\": [\"Competition\"]}}]"}}, {"model": "admin.logentry", "pk": 25, "fields": {"action_time": "2024-09-24T11:16:49.277", "user": 1, "content_type": 16, "object_id": "4", "object_repr": "1. liga ženy 2022/2023", "action_flag": 2, "change_message": "[{\"changed\": {\"fields\": [\"Competition\"]}}]"}}, {"model": "admin.logentry", "pk": 26, "fields": {"action_time": "2024-09-24T16:25:35.133", "user": 1, "content_type": 16, "object_id": "5", "object_repr": "1. liga juniori 2022/2023", "action_flag": 1, "change_message": "[{\"added\": {}}]"}}, {"model": "admin.logentry", "pk": 27, "fields": {"action_time": "2024-09-24T16:25:42.319", "user": 1, "content_type": 16, "object_id": "6", "object_repr": "1. liga juniorky 2022/2023", "action_flag": 1, "change_message": "[{\"added\": {}}]"}}, {"model": "admin.logentry", "pk": 28, "fields": {"action_time": "2024-09-24T16:25:47.170", "user": 1, "content_type": 16, "object_id": "7", "object_repr": "Kadeti západ 2022/2023", "action_flag": 1, "change_message": "[{\"added\": {}}]"}}, {"model": "admin.logentry", "pk": 29, "fields": {"action_time": "2024-09-24T16:25:52.177", "user": 1, "content_type": 16, "object_id": "8", "object_repr": "Kadetky západ 2022/2023", "action_flag": 1, "change_message": "[{\"added\": {}}]"}}, {"model": "admin.logentry", "pk": 30, "fields": {"action_time": "2024-09-24T16:26:14.333", "user": 1, "content_type": 16, "object_id": "9", "object_repr": "Extraliga muži 2023/2024", "action_flag": 1, "change_message": "[{\"added\": {}}]"}}, {"model": "admin.logentry", "pk": 31, "fields": {"action_time": "2024-09-24T16:26:22.506", "user": 1, "content_type": 16, "object_id": "10", "object_repr": "Extraliga ženy 2023/2024", "action_flag": 1, "change_message": "[{\"added\": {}}]"}}, {"model": "admin.logentry", "pk": 32, "fields": {"action_time": "2024-09-24T16:26:26.502", "user": 1, "content_type": 16, "object_id": "11", "object_repr": "1. liga muži 2023/2024", "action_flag": 1, "change_message": "[{\"added\": {}}]"}}, {"model": "admin.logentry", "pk": 33, "fields": {"action_time": "2024-09-24T16:26:46.755", "user": 1, "content_type": 16, "object_id": "12", "object_repr": "1. liga ženy 2023/2024", "action_flag": 1, "change_message": "[{\"added\": {}}]"}}, {"model": "admin.logentry", "pk": 34, "fields": {"action_time": "2024-09-24T16:26:56.420", "user": 1, "content_type": 16, "object_id": "13", "object_repr": "1. liga juniori 2023/2024", "action_flag": 1, "change_message": "[{\"added\": {}}]"}}, {"model": "admin.logentry", "pk": 35, "fields": {"action_time": "2024-09-24T16:27:00.568", "user": 1, "content_type": 16, "object_id": "14", "object_repr": "1. liga juniorky 2023/2024", "action_flag": 1, "change_message": "[{\"added\": {}}]"}}, {"model": "admin.logentry", "pk": 36, "fields": {"action_time": "2024-09-24T16:27:05.914", "user": 1, "content_type": 16, "object_id": "15", "object_repr": "Kadeti západ 2023/2024", "action_flag": 1, "change_message": "[{\"added\": {}}]"}}, {"model": "admin.logentry", "pk": 37, "fields": {"action_time": "2024-09-24T16:27:12.619", "user": 1, "content_type": 16, "object_id": "16", "object_repr": "Kadetky západ 2023/2024", "action_flag": 1, "change_message": "[{\"added\": {}}]"}}, {"model": "admin.logentry", "pk": 38, "fields": {"action_time": "2024-09-24T16:27:33.454", "user": 1, "content_type": 16, "object_id": "17", "object_repr": "Extraliga muži 2024/2025", "action_flag": 1, "change_message": "[{\"added\": {}}]"}}, {"model": "admin.logentry", "pk": 39, "fields": {"action_time": "2024-09-24T16:27:36.843", "user": 1, "content_type": 16, "object_id": "18", "object_repr": "Extraliga ženy 2024/2025", "action_flag": 1, "change_message": "[{\"added\": {}}]"}}, {"model": "admin.logentry", "pk": 40, "fields": {"action_time": "2024-09-24T16:27:40.396", "user": 1, "content_type": 16, "object_id": "19", "object_repr": "1. liga muži 2024/2025", "action_flag": 1, "change_message": "[{\"added\": {}}]"}}, {"model": "admin.logentry", "pk": 41, "fields": {"action_time": "2024-09-24T16:27:48.669", "user": 1, "content_type": 16, "object_id": "20", "object_repr": "1. liga ženy 2024/2025", "action_flag": 1, "change_message": "[{\"added\": {}}]"}}, {"model": "admin.logentry", "pk": 42, "fields": {"action_time": "2024-09-24T16:27:53.047", "user": 1, "content_type": 16, "object_id": "21", "object_repr": "1. liga juniori 2024/2025", "action_flag": 1, "change_message": "[{\"added\": {}}]"}}, {"model": "admin.logentry", "pk": 43, "fields": {"action_time": "2024-09-24T16:27:57.244", "user": 1, "content_type": 16, "object_id": "22", "object_repr": "1. liga juniorky 2024/2025", "action_flag": 1, "change_message": "[{\"added\": {}}]"}}, {"model": "admin.logentry", "pk": 44, "fields": {"action_time": "2024-09-24T16:28:12.669", "user": 1, "content_type": 16, "object_id": "23", "object_repr": "Kadeti západ 2024/2025", "action_flag": 1, "change_message": "[{\"added\": {}}]"}}, {"model": "admin.logentry", "pk": 45, "fields": {"action_time": "2024-09-24T16:28:17.431", "user": 1, "content_type": 16, "object_id": "24", "object_repr": "Kadetky západ 2024/2025", "action_flag": 1, "change_message": "[{\"added\": {}}]"}}, {"model": "admin.logentry", "pk": 46, "fields": {"action_time": "2024-09-25T09:41:45.684", "user": 1, "content_type": 20, "object_id": "1", "object_repr": "AM", "action_flag": 1, "change_message": "[{\"added\": {}}]"}}, {"model": "admin.logentry", "pk": 47, "fields": {"action_time": "2024-09-25T09:41:51.330", "user": 1, "content_type": 20, "object_id": "2", "object_repr": "A", "action_flag": 1, "change_message": "[{\"added\": {}}]"}}, {"model": "admin.logentry", "pk": 48, "fields": {"action_time": "2024-09-25T09:41:55.868", "user": 1, "content_type": 20, "object_id": "3", "object_repr": "B", "action_flag": 1, "change_message": "[{\"added\": {}}]"}}, {"model": "admin.logentry", "pk": 49, "fields": {"action_time": "2024-09-25T09:41:59.725", "user": 1, "content_type": 20, "object_id": "4", "object_repr": "C", "action_flag": 1, "change_message": "[{\"added\": {}}]"}}, {"model": "auth.permission", "pk": 1, "fields": {"name": "Can add log entry", "content_type": 1, "codename": "add_logentry"}}, {"model": "auth.permission", "pk": 2, "fields": {"name": "Can change log entry", "content_type": 1, "codename": "change_logentry"}}, {"model": "auth.permission", "pk": 3, "fields": {"name": "Can delete log entry", "content_type": 1, "codename": "delete_logentry"}}, {"model": "auth.permission", "pk": 4, "fields": {"name": "Can view log entry", "content_type": 1, "codename": "view_logentry"}}, {"model": "auth.permission", "pk": 5, "fields": {"name": "Can add permission", "content_type": 2, "codename": "add_permission"}}, {"model": "auth.permission", "pk": 6, "fields": {"name": "Can change permission", "content_type": 2, "codename": "change_permission"}}, {"model": "auth.permission", "pk": 7, "fields": {"name": "Can delete permission", "content_type": 2, "codename": "delete_permission"}}, {"model": "auth.permission", "pk": 8, "fields": {"name": "Can view permission", "content_type": 2, "codename": "view_permission"}}, {"model": "auth.permission", "pk": 9, "fields": {"name": "Can add group", "content_type": 3, "codename": "add_group"}}, {"model": "auth.permission", "pk": 10, "fields": {"name": "Can change group", "content_type": 3, "codename": "change_group"}}, {"model": "auth.permission", "pk": 11, "fields": {"name": "Can delete group", "content_type": 3, "codename": "delete_group"}}, {"model": "auth.permission", "pk": 12, "fields": {"name": "Can view group", "content_type": 3, "codename": "view_group"}}, {"model": "auth.permission", "pk": 13, "fields": {"name": "Can add user", "content_type": 4, "codename": "add_user"}}, {"model": "auth.permission", "pk": 14, "fields": {"name": "Can change user", "content_type": 4, "codename": "change_user"}}, {"model": "auth.permission", "pk": 15, "fields": {"name": "Can delete user", "content_type": 4, "codename": "delete_user"}}, {"model": "auth.permission", "pk": 16, "fields": {"name": "Can view user", "content_type": 4, "codename": "view_user"}}, {"model": "auth.permission", "pk": 17, "fields": {"name": "Can add content type", "content_type": 5, "codename": "add_contenttype"}}, {"model": "auth.permission", "pk": 18, "fields": {"name": "Can change content type", "content_type": 5, "codename": "change_contenttype"}}, {"model": "auth.permission", "pk": 19, "fields": {"name": "Can delete content type", "content_type": 5, "codename": "delete_contenttype"}}, {"model": "auth.permission", "pk": 20, "fields": {"name": "Can view content type", "content_type": 5, "codename": "view_contenttype"}}, {"model": "auth.permission", "pk": 21, "fields": {"name": "Can add session", "content_type": 6, "codename": "add_session"}}, {"model": "auth.permission", "pk": 22, "fields": {"name": "Can change session", "content_type": 6, "codename": "change_session"}}, {"model": "auth.permission", "pk": 23, "fields": {"name": "Can delete session", "content_type": 6, "codename": "delete_session"}}, {"model": "auth.permission", "pk": 24, "fields": {"name": "Can view session", "content_type": 6, "codename": "view_session"}}, {"model": "auth.permission", "pk": 25, "fields": {"name": "Can add profile manager", "content_type": 7, "codename": "add_profilemanager"}}, {"model": "auth.permission", "pk": 26, "fields": {"name": "Can change profile manager", "content_type": 7, "codename": "change_profilemanager"}}, {"model": "auth.permission", "pk": 27, "fields": {"name": "Can delete profile manager", "content_type": 7, "codename": "delete_profilemanager"}}, {"model": "auth.permission", "pk": 28, "fields": {"name": "Can view profile manager", "content_type": 7, "codename": "view_profilemanager"}}, {"model": "auth.permission", "pk": 29, "fields": {"name": "Can add profile referee", "content_type": 8, "codename": "add_profilereferee"}}, {"model": "auth.permission", "pk": 30, "fields": {"name": "Can change profile referee", "content_type": 8, "codename": "change_profilereferee"}}, {"model": "auth.permission", "pk": 31, "fields": {"name": "Can delete profile referee", "content_type": 8, "codename": "delete_profilereferee"}}, {"model": "auth.permission", "pk": 32, "fields": {"name": "Can view profile referee", "content_type": 8, "codename": "view_profilereferee"}}, {"model": "auth.permission", "pk": 33, "fields": {"name": "Can add referee licence", "content_type": 9, "codename": "add_refereelicence"}}, {"model": "auth.permission", "pk": 34, "fields": {"name": "Can change referee licence", "content_type": 9, "codename": "change_refereelicence"}}, {"model": "auth.permission", "pk": 35, "fields": {"name": "Can delete referee licence", "content_type": 9, "codename": "delete_refereelicence"}}, {"model": "auth.permission", "pk": 36, "fields": {"name": "Can view referee licence", "content_type": 9, "codename": "view_refereelicence"}}, {"model": "auth.permission", "pk": 37, "fields": {"name": "Can add referee", "content_type": 10, "codename": "add_referee"}}, {"model": "auth.permission", "pk": 38, "fields": {"name": "Can change referee", "content_type": 10, "codename": "change_referee"}}, {"model": "auth.permission", "pk": 39, "fields": {"name": "Can delete referee", "content_type": 10, "codename": "delete_referee"}}, {"model": "auth.permission", "pk": 40, "fields": {"name": "Can view referee", "content_type": 10, "codename": "view_referee"}}, {"model": "auth.permission", "pk": 41, "fields": {"name": "Can add unavailability", "content_type": 11, "codename": "add_unavailability"}}, {"model": "auth.permission", "pk": 42, "fields": {"name": "Can change unavailability", "content_type": 11, "codename": "change_unavailability"}}, {"model": "auth.permission", "pk": 43, "fields": {"name": "Can delete unavailability", "content_type": 11, "codename": "delete_unavailability"}}, {"model": "auth.permission", "pk": 44, "fields": {"name": "Can view unavailability", "content_type": 11, "codename": "view_unavailability"}}, {"model": "auth.permission", "pk": 45, "fields": {"name": "Can add city", "content_type": 12, "codename": "add_city"}}, {"model": "auth.permission", "pk": 46, "fields": {"name": "Can change city", "content_type": 12, "codename": "change_city"}}, {"model": "auth.permission", "pk": 47, "fields": {"name": "Can delete city", "content_type": 12, "codename": "delete_city"}}, {"model": "auth.permission", "pk": 48, "fields": {"name": "Can view city", "content_type": 12, "codename": "view_city"}}, {"model": "auth.permission", "pk": 49, "fields": {"name": "Can add competition", "content_type": 13, "codename": "add_competition"}}, {"model": "auth.permission", "pk": 50, "fields": {"name": "Can change competition", "content_type": 13, "codename": "change_competition"}}, {"model": "auth.permission", "pk": 51, "fields": {"name": "Can delete competition", "content_type": 13, "codename": "delete_competition"}}, {"model": "auth.permission", "pk": 52, "fields": {"name": "Can view competition", "content_type": 13, "codename": "view_competition"}}, {"model": "auth.permission", "pk": 53, "fields": {"name": "Can add competition level", "content_type": 14, "codename": "add_competitionlevel"}}, {"model": "auth.permission", "pk": 54, "fields": {"name": "Can change competition level", "content_type": 14, "codename": "change_competitionlevel"}}, {"model": "auth.permission", "pk": 55, "fields": {"name": "Can delete competition level", "content_type": 14, "codename": "delete_competitionlevel"}}, {"model": "auth.permission", "pk": 56, "fields": {"name": "Can view competition level", "content_type": 14, "codename": "view_competitionlevel"}}, {"model": "auth.permission", "pk": 57, "fields": {"name": "Can add season", "content_type": 15, "codename": "add_season"}}, {"model": "auth.permission", "pk": 58, "fields": {"name": "Can change season", "content_type": 15, "codename": "change_season"}}, {"model": "auth.permission", "pk": 59, "fields": {"name": "Can delete season", "content_type": 15, "codename": "delete_season"}}, {"model": "auth.permission", "pk": 60, "fields": {"name": "Can view season", "content_type": 15, "codename": "view_season"}}, {"model": "auth.permission", "pk": 61, "fields": {"name": "Can add competition in season", "content_type": 16, "codename": "add_competitioninseason"}}, {"model": "auth.permission", "pk": 62, "fields": {"name": "Can change competition in season", "content_type": 16, "codename": "change_competitioninseason"}}, {"model": "auth.permission", "pk": 63, "fields": {"name": "Can delete competition in season", "content_type": 16, "codename": "delete_competitioninseason"}}, {"model": "auth.permission", "pk": 64, "fields": {"name": "Can view competition in season", "content_type": 16, "codename": "view_competitioninseason"}}, {"model": "auth.permission", "pk": 65, "fields": {"name": "Can add team", "content_type": 17, "codename": "add_team"}}, {"model": "auth.permission", "pk": 66, "fields": {"name": "Can change team", "content_type": 17, "codename": "change_team"}}, {"model": "auth.permission", "pk": 67, "fields": {"name": "Can delete team", "content_type": 17, "codename": "delete_team"}}, {"model": "auth.permission", "pk": 68, "fields": {"name": "Can view team", "content_type": 17, "codename": "view_team"}}, {"model": "auth.permission", "pk": 69, "fields": {"name": "Can add match", "content_type": 18, "codename": "add_match"}}, {"model": "auth.permission", "pk": 70, "fields": {"name": "Can change match", "content_type": 18, "codename": "change_match"}}, {"model": "auth.permission", "pk": 71, "fields": {"name": "Can delete match", "content_type": 18, "codename": "delete_match"}}, {"model": "auth.permission", "pk": 72, "fields": {"name": "Can view match", "content_type": 18, "codename": "view_match"}}, {"model": "auth.permission", "pk": 73, "fields": {"name": "Can add delegation", "content_type": 19, "codename": "add_delegation"}}, {"model": "auth.permission", "pk": 74, "fields": {"name": "Can change delegation", "content_type": 19, "codename": "change_delegation"}}, {"model": "auth.permission", "pk": 75, "fields": {"name": "Can delete delegation", "content_type": 19, "codename": "delete_delegation"}}, {"model": "auth.permission", "pk": 76, "fields": {"name": "Can view delegation", "content_type": 19, "codename": "view_delegation"}}, {"model": "auth.permission", "pk": 77, "fields": {"name": "Can add referee licence type", "content_type": 20, "codename": "add_refereelicencetype"}}, {"model": "auth.permission", "pk": 78, "fields": {"name": "Can change referee licence type", "content_type": 20, "codename": "change_refereelicencetype"}}, {"model": "auth.permission", "pk": 79, "fields": {"name": "Can delete referee licence type", "content_type": 20, "codename": "delete_refereelicencetype"}}, {"model": "auth.permission", "pk": 80, "fields": {"name": "Can view referee licence type", "content_type": 20, "codename": "view_refereelicencetype"}}, {"model": "auth.user", "pk": 1, "fields": {"password": "pbkdf2_sha256$870000$9buz1RuQRiiGjiM6y12rTR$RatFmKVkud9oM9qH/T9nC6KCInPKdh0Qd0zTfRZpuw4=", "last_login": "2024-09-24T08:02:58.756", "is_superuser": true, "username": "admin", "first_name": "", "last_name": "", "email": "luboskohut.shop@gmail.com", "is_staff": true, "is_active": true, "date_joined": "2024-09-23T20:17:00.296", "groups": [], "user_permissions": []}}, {"model": "contenttypes.contenttype", "pk": 1, "fields": {"app_label": "admin", "model": "logentry"}}, {"model": "contenttypes.contenttype", "pk": 2, "fields": {"app_label": "auth", "model": "permission"}}, {"model": "contenttypes.contenttype", "pk": 3, "fields": {"app_label": "auth", "model": "group"}}, {"model": "contenttypes.contenttype", "pk": 4, "fields": {"app_label": "auth", "model": "user"}}, {"model": "contenttypes.contenttype", "pk": 5, "fields": {"app_label": "contenttypes", "model": "contenttype"}}, {"model": "contenttypes.contenttype", "pk": 6, "fields": {"app_label": "sessions", "model": "session"}}, {"model": "contenttypes.contenttype", "pk": 7, "fields": {"app_label": "accounts", "model": "profilemanager"}}, {"model": "contenttypes.contenttype", "pk": 8, "fields": {"app_label": "accounts", "model": "profilereferee"}}, {"model": "contenttypes.contenttype", "pk": 9, "fields": {"app_label": "referees", "model": "refereelicence"}}, {"model": "contenttypes.contenttype", "pk": 10, "fields": {"app_label": "referees", "model": "referee"}}, {"model": "contenttypes.contenttype", "pk": 11, "fields": {"app_label": "referees", "model": "unavailability"}}, {"model": "contenttypes.contenttype", "pk": 12, "fields": {"app_label": "competitions", "model": "city"}}, {"model": "contenttypes.contenttype", "pk": 13, "fields": {"app_label": "competitions", "model": "competition"}}, {"model": "contenttypes.contenttype", "pk": 14, "fields": {"app_label": "competitions", "model": "competitionlevel"}}, {"model": "contenttypes.contenttype", "pk": 15, "fields": {"app_label": "competitions", "model": "season"}}, {"model": "contenttypes.contenttype", "pk": 16, "fields": {"app_label": "competitions", "model": "competitioninseason"}}, {"model": "contenttypes.contenttype", "pk": 17, "fields": {"app_label": "competitions", "model": "team"}}, {"model": "contenttypes.contenttype", "pk": 18, "fields": {"app_label": "competitions", "model": "match"}}, {"model": "contenttypes.contenttype", "pk": 19, "fields": {"app_label": "delegations", "model": "delegation"}}, {"model": "contenttypes.contenttype", "pk": 20, "fields": {"app_label": "referees", "model": "refereelicencetype"}}, {"model": "sessions.session", "pk": "m307pch0vci7q1xgxunxnt6ocpywj6qt", "fields": {"session_data": ".eJxVjEEOwiAUBe_C2pBCoYJL9z1D8_h8pGogKe3KeHdt0oVu38y8l5iwrXnaGi_THMVFKHH63QLowWUH8Y5yq5JqWZc5yF2RB21yrJGf18P9O8ho-VtDd72DR4I2nJxXA6wHiBUb4kSdszoZZyzRmQatkVRwTukengNgxfsD_904tg:1sspVx:mhffmtZDQdxNCOiTYqFqP-tCjCEL532s9X3MLFTn3Lk", "expire_date": "2024-10-07T20:18:33.889"}}, {"model": "sessions.session", "pk": "p480hkh7nyllwkb7lzx4yccljse2v1ln", "fields": {"session_data": ".eJxVjEEOwiAUBe_C2pBCoYJL9z1D8_h8pGogKe3KeHdt0oVu38y8l5iwrXnaGi_THMVFKHH63QLowWUH8Y5yq5JqWZc5yF2RB21yrJGf18P9O8ho-VtDd72DR4I2nJxXA6wHiBUb4kSdszoZZyzRmQatkVRwTukengNgxfsD_904tg:1st0Ve:85RojEUOqI3BLRAmldkOKFcinozXStm6l7Aw6lyQfBQ", "expire_date": "2024-10-08T08:02:58.767"}}, {"model": "referees.refereelicencetype", "pk": 1, "fields": {"name": "AM", "competition_level": [1, 2, 3]}}, {"model": "referees.refereelicencetype", "pk": 2, "fields": {"name": "A", "competition_level": [1, 2, 3]}}, {"model": "referees.refereelicencetype", "pk": 3, "fields": {"name": "B", "competition_level": [2, 3]}}, {"model": "referees.refereelicencetype", "pk": 4, "fields": {"name": "C", "competition_level": [3]}}, {"model": "competitions.season", "pk": 1, "fields": {"name": "2022/2023", "date_of_start": "2022-09-01", "date_of_end": "2023-08-31"}}, {"model": "competitions.season", "pk": 2, "fields": {"name": "2023/2024", "date_of_start": "2023-09-01", "date_of_end": "2024-08-31"}}, {"model": "competitions.season", "pk": 3, "fields": {"name": "2024/2025", "date_of_start": "2024-09-01", "date_of_end": "2025-08-31"}}, {"model": "competitions.competitionlevel", "pk": 1, "fields": {"name": "extra_league"}}, {"model": "competitions.competitionlevel", "pk": 2, "fields": {"name": "first_league"}}, {"model": "competitions.competitionlevel", "pk": 3, "fields": {"name": "regional"}}, {"model": "competitions.competition", "pk": 1, "fields": {"name": "Extraliga muži", "level": 1, "category": "men"}}, {"model": "competitions.competition", "pk": 2, "fields": {"name": "Extraliga ženy", "level": 1, "category": "women"}}, {"model": "competitions.competition", "pk": 3, "fields": {"name": "1. liga muži", "level": 2, "category": "men"}}, {"model": "competitions.competition", "pk": 4, "fields": {"name": "1. liga ženy", "level": 2, "category": "women"}}, {"model": "competitions.competition", "pk": 5, "fields": {"name": "1. liga juniori", "level": 2, "category": "junior boys"}}, {"model": "competitions.competition", "pk": 6, "fields": {"name": "1. liga juniorky", "level": 2, "category": "junior girls"}}, {"model": "competitions.competition", "pk": 7, "fields": {"name": "Kadeti západ", "level": 3, "category": "cadet boys"}}, {"model": "competitions.competition", "pk": 8, "fields": {"name": "Kadetky západ", "level": 3, "category": "cadet girls"}}, {"model": "competitions.competitioninseason", "pk": 1, "fields": {"competition": 1, "season": 1}}, {"model": "competitions.competitioninseason", "pk": 2, "fields": {"competition": 2, "season": 1}}, {"model": "competitions.competitioninseason", "pk": 3, "fields": {"competition": 3, "season": 1}}, {"model": "competitions.competitioninseason", "pk": 4, "fields": {"competition": 4, "season": 1}}, {"model": "competitions.competitioninseason", "pk": 5, "fields": {"competition": 5, "season": 1}}, {"model": "competitions.competitioninseason", "pk": 6, "fields": {"competition": 6, "season": 1}}, {"model": "competitions.competitioninseason", "pk": 7, "fields": {"competition": 7, "season": 1}}, {"model": "competitions.competitioninseason", "pk": 8, "fields": {"competition": 8, "season": 1}}, {"model": "competitions.competitioninseason", "pk": 9, "fields": {"competition": 1, "season": 2}}, {"model": "competitions.competitioninseason", "pk": 10, "fields": {"competition": 2, "season": 2}}, {"model": "competitions.competitioninseason", "pk": 11, "fields": {"competition": 3, "season": 2}}, {"model": "competitions.competitioninseason", "pk": 12, "fields": {"competition": 4, "season": 2}}, {"model": "competitions.competitioninseason", "pk": 13, "fields": {"competition": 5, "season": 2}}, {"model": "competitions.competitioninseason", "pk": 14, "fields": {"competition": 6, "season": 2}}, {"model": "competitions.competitioninseason", "pk": 15, "fields": {"competition": 7, "season": 2}}, {"model": "competitions.competitioninseason", "pk": 16, "fields": {"competition": 8, "season": 2}}, {"model": "competitions.competitioninseason", "pk": 17, "fields": {"competition": 1, "season": 3}}, {"model": "competitions.competitioninseason", "pk": 18, "fields": {"competition": 2, "season": 3}}, {"model": "competitions.competitioninseason", "pk": 19, "fields": {"competition": 3, "season": 3}}, {"model": "competitions.competitioninseason", "pk": 20, "fields": {"competition": 4, "season": 3}}, {"model": "competitions.competitioninseason", "pk": 21, "fields": {"competition": 5, "season": 3}}, {"model": "competitions.competitioninseason", "pk": 22, "fields": {"competition": 6, "season": 3}}, {"model": "competitions.competitioninseason", "pk": 23, "fields": {"competition": 7, "season": 3}}, {"model": "competitions.competitioninseason", "pk": 24, "fields": {"competition": 8, "season": 3}}]